{"pos": [[7, 4], [0, 4], [7, 3], [1, 4], [7, 2], [2, 4], [7, 1], [1, 4], [7, 0], [2, 4], [7, 1], [2, 3], [7, 0], [2, 4], [7, 1], [2, 3], [7, 0], [2, 2], [7, 1], [2, 1], [7, 0], [2, 0], [7, 1], [2, 1], [7, 0], [2, 0], [7, 1], [3, 0], [7, 0], [2, 0], [7, 1], [3, 0], [7, 0], [2, 0], [7, 1], [1, 0], [7, 0], [0, 0], [7, 1], [0, 1], [7, 0], [1, 1], [7, 1], [1, 0], [7, 0], [2, 0], [7, 1], [1, 0], [7, 0], [0, 0], [7, 1], [0, 1], [7, 0], [0, 0], [7, 1], [0, 1], [7, 0], [0, 2], [7, 1], [0, 3], [7, 0], [0, 4], [7, 1], [0, 3], [7, 0], [0, 4], [7, 1], [0, 5], [7, 0], [1, 5], [7, 1], [1, 6], [7, 0], [1, 5], [7, 1], [1, 4], [7, 0], [2, 4], [7, 1], [3, 4]], "a_eggs_laid": [1, 1, 1, 1, 2, 2, 2, 2, 3, 3, 3, 3, 3, 3, 3, 3, 3, 3, 3, 3, 3, 3, 3, 3, 3, 3, 3, 3, 3, 3, 3, 3, 3, 3, 3, 3, 3, 3, 3, 3, 3, 3, 3, 3, 3, 3, 3, 3, 3, 3, 3, 3, 3, 3, 3, 3, 3, 3, 3, 3, 3, 3, 3, 3, 3, 3, 3, 3, 3, 3, 3, 3, 3, 3, 3, 3, 3, 3, 3, 3], "b_eggs_laid": [0, 1, 1, 1, 1, 1, 1, 1, 1, 2, 2, 2, 2, 3, 3, 3, 3, 3, 3, 3, 3, 3, 3, 3, 3, 3, 3, 3, 3, 4, 4, 4, 4, 4, 4, 4, 4, 4, 4, 4, 4, 5, 5, 5, 5, 5, 5, 5, 5, 5, 5, 5, 5, 5, 5, 5, 5, 5, 5, 5, 5, 6, 6, 6, 6, 6, 6, 6, 6, 6, 6, 6, 6, 7, 7, 7, 7, 7, 7, 7], "a_turds_left": [5, 5, 4, 4, 4, 4, 3, 3, 3, 3, 2, 2, 2, 2, 2, 2, 2, 2, 2, 2, 2, 2, 2, 2, 2, 2, 2, 2, 2, 2, 2, 2, 2, 2, 2, 2, 2, 2, 2, 2, 2, 2, 2, 2, 2, 2, 2, 2, 2, 2, 2, 2, 2, 2, 2, 2, 2, 2, 2, 2, 2, 2, 2, 2, 2, 2, 2, 2, 2, 2, 2, 2, 2, 2, 2, 2, 2, 2, 2, 2], "b_turds_left": [5, 5, 5, 4, 4, 4, 4, 3, 3, 3, 3, 3, 3, 3, 3, 3, 3, 3, 3, 3, 3, 2, 2, 1, 1, 1, 1, 1, 1, 1, 1, 1, 1, 1, 1, 1, 1, 0, 0, 0, 0, 0, 0, 0, 0, 0, 0, 0, 0, 0, 0, 0, 0, 0, 0, 0, 0, 0, 0, 0, 0, 0, 0, 0, 0, 0, 0, 0, 0, 0, 0, 0, 0, 0, 0, 0, 0, 0, 0, 0], "a_time_left": [359.99980190000497, 359.99980190000497, 359.9996842999826, 359.9996842999826, 359.999547699932, 359.999547699932, 359.99943579989485, 359.99943579989485, 359.99929889990017, 359.99929889990017, 359.999195299868, 359.999195299868, 359.9990876998636, 359.9990876998636, 359.99899669986917, 359.99899669986917, 359.99888239987195, 359.99888239987195, 359.99879129987676, 359.99879129987676, 359.9986636998947, 359.9986636998947, 359.99857529986184, 359.99857529986184, 359.9984625998768, 359.9984625998768, 359.9983720998862, 359.9983720998862, 359.9982599999057, 359.9982599999057, 359.99817069992423, 359.99817069992423, 359.9980041998788, 359.9980041998788, 359.9979146998958, 359.9979146998958, 359.9978023999138, 359.9978023999138, 359.99771009990945, 359.99771009990945, 359.9975992998807, 359.9975992998807, 359.9975084998878, 359.9975084998878, 359.9973999998765, 359.9973999998765, 359.9973104998353, 359.9973104998353, 359.9972007998731, 359.9972007998731, 359.99710959987715, 359.99710959987715, 359.9969968998921, 359.9969968998921, 359.99690809991444, 359.99690809991444, 359.996477699955, 359.996477699955, 359.9963880999712, 359.9963880999712, 359.996273799974, 359.996273799974, 359.99618489993736, 359.99618489993736, 359.9960739999078, 359.9960739999078, 359.99598439992405, 359.99598439992405, 359.99587159993825, 359.99587159993825, 359.99578179995297, 359.99578179995297, 359.99566799995955, 359.99566799995955, 359.99557849991834, 359.99557849991834, 359.9954742998816, 359.9954742998816, 359.9953841998358, 359.9953841998358], "b_time_left": [360, 358.46638850000454, 358.46638850000454, 356.96582290000515, 356.96582290000515, 355.4646284999908, 355.4646284999908, 353.9639036000008, 353.9639036000008, 352.4629545999924, 352.4629545999924, 350.96232749999035, 350.96232749999035, 349.4613418999943, 349.4613418999943, 347.960506399977, 347.960506399977, 346.4598880999838, 346.4598880999838, 344.9589864999871, 344.9589864999871, 343.45783499995014, 343.45783499995014, 341.9568224999239, 341.9568224999239, 340.4558066999307, 340.4558066999307, 338.95500369992806, 338.95500369992806, 337.4536804999225, 337.4536804999225, 335.95269639993785, 335.95269639993785, 334.4520100999507, 334.4520100999507, 332.9509852999472, 332.9509852999472, 331.4501500999322, 331.4501500999322, 329.9482566998922, 329.9482566998922, 328.4474997998914, 328.4474997998914, 326.94678479991853, 326.94678479991853, 325.44610249996185, 325.44610249996185, 323.94530119991396, 323.94530119991396, 322.44446609995794, 322.44446609995794, 320.9436162999482, 320.9436162999482, 319.4420961999567, 319.4420961999567, 317.94150619994616, 317.94150619994616, 316.44082939991495, 316.44082939991495, 314.9400286999298, 314.9400286999298, 313.439384499914, 313.439384499914, 311.93829799990635, 311.93829799990635, 310.437220499909, 310.437220499909, 308.9364345999202, 308.9364345999202, 307.4356485999306, 307.4356485999306, 305.9349119999679, 305.9349119999679, 304.43408029992133, 304.43408029992133, 302.93362779996824, 302.93362779996824, 301.4331683999626, 301.4331683999626, 299.93216469994513], "a_moves_left": [39, 39, 38, 38, 37, 37, 36, 36, 35, 35, 34, 34, 33, 33, 32, 32, 31, 31, 30, 30, 29, 29, 28, 28, 27, 27, 26, 26, 25, 25, 24, 24, 23, 23, 22, 22, 21, 21, 20, 20, 19, 19, 18, 18, 17, 17, 16, 16, 15, 15, 14, 14, 13, 13, 12, 12, 11, 11, 10, 10, 9, 9, 8, 8, 7, 7, 6, 6, 5, 5, 4, 4, 3, 3, 2, 2, 1, 1, 0, 0], "b_moves_left": [40, 39, 39, 38, 38, 37, 37, 36, 36, 35, 35, 34, 34, 33, 33, 32, 32, 31, 31, 30, 30, 29, 29, 28, 28, 27, 27, 26, 26, 25, 25, 24, 24, 23, 23, 22, 22, 21, 21, 20, 20, 19, 19, 18, 18, 17, 17, 16, 16, 15, 15, 14, 14, 13, 13, 12, 12, 11, 11, 10, 10, 9, 9, 8, 8, 7, 7, 6, 6, 5, 5, 4, 4, 3, 3, 2, 2, 1, 1, 0], "trapdoor_triggered": [0, 0, 0, 0, 0, 0, 0, 0, 0, 0, 0, 0, 0, 0, 0, 0, 0, 0, 0, 0, 0, 0, 0, 0, 0, 0, 0, 0, 0, 0, 0, 0, 0, 0, 0, 0, 0, 0, 0, 0, 0, 0, 0, 0, 0, 0, 0, 0, 0, 0, 0, 0, 0, 0, 0, 0, 0, 0, 0, 0, 0, 0, 0, 0, 0, 0, 0, 0, 0, 0, 0, 0, 0, 0, 0, 0, 0, 0, 0, 0], "left_behind": ["egg", "egg", "turd", "turd", "egg", "plain", "turd", "turd", "egg", "egg", "turd", "plain", "plain", "egg", "plain", "plain", "plain", "plain", "plain", "plain", "plain", "turd", "plain", "turd", "plain", "plain", "plain", "plain", "plain", "egg", "plain", "plain", "plain", "plain", "plain", "plain", "plain", "turd", "plain", "plain", "plain", "egg", "plain", "plain", "plain", "plain", "plain", "plain", "plain", "plain", "plain", "plain", "plain", "plain", "plain", "plain", "plain", "plain", "plain", "plain", "plain", "egg", "plain", "plain", "plain", "plain", "plain", "plain", "plain", "plain", "plain", "plain", "plain", "egg", "plain", "plain", "plain", "plain", "plain", "plain"], "errlog_a": "", "errlog_b": "", "start_time": 360, "start_moves": 40, "turn_count": 80, "result": 1, "reason": "EGGS_LAID", "trapdoors": [[3, 3], [4, 3]], "spawn_a": [7, 5], "spawn_b": [0, 5]}