{"pos": [[0, 7], [1, 1], [0, 6], [0, 1], [0, 7], [0, 0], [1, 7], [1, 0], [1, 6], [1, 1], [1, 5], [2, 1], [0, 5], [1, 1], [0, 4], [2, 1], [0, 3], [3, 1], [0, 2], [3, 2], [0, 3], [0, 0], [1, 3], [0, 1], [1, 4], [0, 0], [2, 4], [0, 1], [2, 5], [0, 0], [2, 6], [0, 1], [2, 7], [0, 0], [3, 7], [0, 1], [4, 7], [0, 0], [5, 7], [1, 0], [6, 7], [0, 0], [7, 7], [1, 0], [7, 6], [1, 1], [7, 5], [2, 1], [7, 4], [2, 0], [7, 3], [1, 0], [7, 2], [0, 0], [7, 1], [0, 1], [7, 0], [1, 1], [6, 0], [1, 0], [7, 0], [1, 1], [7, 1], [0, 1], [6, 1], [1, 1], [5, 1], [1, 2], [5, 0], [1, 1], [4, 0], [0, 1], [4, 1], [0, 0], [3, 1], [0, 1], [3, 2], [0, 0], [0, 7], [0, 1]], "a_eggs_laid": [1, 1, 1, 1, 2, 2, 2, 2, 2, 2, 2, 2, 3, 3, 3, 3, 4, 4, 4, 4, 9, 9, 9, 9, 10, 10, 10, 10, 11, 11, 11, 11, 12, 12, 12, 12, 13, 13, 13, 13, 14, 14, 14, 14, 17, 17, 17, 17, 18, 18, 18, 18, 19, 19, 19, 19, 20, 20, 20, 20, 21, 21, 21, 21, 21, 21, 21, 21, 22, 22, 22, 22, 23, 23, 23, 23, 23, 23, 23, 23], "b_eggs_laid": [0, 0, 0, 0, 0, 1, 1, 1, 1, 2, 2, 2, 2, 2, 2, 2, 2, 2, 2, 2, 2, 2, 2, 2, 2, 2, 2, 2, 2, 2, 2, 2, 2, 2, 2, 2, 2, 2, 2, 2, 2, 2, 2, 2, 2, 2, 2, 2, 2, 3, 3, 3, 3, 3, 3, 3, 3, 3, 3, 3, 3, 3, 3, 3, 3, 3, 3, 3, 3, 3, 3, 3, 3, 3, 3, 3, 3, 7, 7, 7], "a_turds_left": [5, 5, 5, 5, 5, 5, 5, 5, 5, 5, 5, 5, 5, 5, 5, 5, 5, 5, 5, 5, 5, 5, 4, 4, 4, 4, 4, 4, 4, 4, 4, 4, 4, 4, 4, 4, 4, 4, 4, 4, 4, 4, 4, 4, 4, 4, 4, 4, 4, 4, 4, 4, 4, 4, 4, 4, 4, 4, 4, 4, 4, 4, 4, 4, 4, 4, 3, 3, 3, 3, 2, 2, 2, 2, 1, 1, 0, 0, 0, 0], "b_turds_left": [5, 5, 5, 5, 5, 5, 5, 4, 4, 4, 4, 3, 3, 3, 3, 3, 3, 3, 3, 3, 3, 3, 3, 3, 3, 3, 3, 3, 3, 3, 3, 3, 3, 3, 3, 3, 3, 3, 3, 3, 3, 3, 3, 3, 3, 3, 3, 3, 3, 3, 3, 2, 2, 2, 2, 2, 2, 2, 2, 2, 2, 2, 2, 2, 2, 2, 2, 2, 2, 2, 2, 2, 2, 2, 2, 2, 2, 2, 2, 2], "a_time_left": [359.99869229999604, 359.99869229999604, 359.99786430003587, 359.99786430003587, 359.9972231000429, 359.9972231000429, 359.9964880000334, 359.9964880000334, 359.9958296000259, 359.9958296000259, 359.99447580002015, 359.99447580002015, 359.9936297000386, 359.9936297000386, 359.99254000006476, 359.99254000006476, 359.9918489000411, 359.9918489000411, 359.9908184000524, 359.9908184000524, 359.990459200053, 359.990459200053, 359.9895007000305, 359.9895007000305, 359.9888823000365, 359.9888823000365, 359.987586900068, 359.987586900068, 359.9868357000523, 359.9868357000523, 359.9853297000518, 359.9853297000518, 359.9845791000407, 359.9845791000407, 359.98356429999694, 359.98356429999694, 359.98287549999077, 359.98287549999077, 359.98189080000157, 359.98189080000157, 359.98124170000665, 359.98124170000665, 359.9802794000134, 359.9802794000134, 359.9797774000326, 359.9797774000326, 359.9787045000121, 359.9787045000121, 359.9777715000091, 359.9777715000091, 359.97674170002574, 359.97674170002574, 359.9761069000233, 359.9761069000233, 359.9750775999855, 359.9750775999855, 359.9744669999927, 359.9744669999927, 359.97360490000574, 359.97360490000574, 359.9729554000078, 359.9729554000078, 359.97218650003197, 359.97218650003197, 359.97156710003037, 359.97156710003037, 359.96993740001926, 359.96993740001926, 359.96917390002636, 359.96917390002636, 359.9681110000238, 359.9681110000238, 359.9675928000361, 359.9675928000361, 359.96630600001663, 359.96630600001663, 359.96527750004316, 359.96527750004316, 359.96476240007905, 359.96476240007905], "b_time_left": [360, 358.4654813000234, 358.4654813000234, 356.9645578000345, 356.9645578000345, 355.4634019000223, 355.4634019000223, 353.9628009000444, 353.9628009000444, 352.4620950000244, 352.4620950000244, 350.9605665000272, 350.9605665000272, 349.4595603000489, 349.4595603000489, 347.95877470006235, 347.95877470006235, 346.4580558000598, 346.4580558000598, 344.9571487000212, 344.9571487000212, 343.4562511999975, 343.4562511999975, 341.9552796999924, 341.9552796999924, 340.4543338000076, 340.4543338000076, 338.9532047000248, 338.9532047000248, 337.45267810003133, 337.45267810003133, 335.95163820002927, 335.95163820002927, 334.4508573000203, 334.4508573000203, 332.94992340001045, 332.94992340001045, 331.44885800004704, 331.44885800004704, 329.94226930005243, 329.94226930005243, 328.4414521000581, 328.4414521000581, 326.9407160000992, 326.9407160000992, 325.4396945000626, 325.4396945000626, 323.9387846000609, 323.9387846000609, 322.4381862000446, 322.4381862000446, 320.9370408000541, 320.9370408000541, 319.43627560004825, 319.43627560004825, 317.9351583000389, 317.9351583000389, 316.4338760000537, 316.4338760000537, 314.9331392000313, 314.9331392000313, 313.4324109000736, 313.4324109000736, 311.93183380010305, 311.93183380010305, 310.4313255001325, 310.4313255001325, 308.93037970009027, 308.93037970009027, 307.429483700078, 307.429483700078, 305.92809360002866, 305.92809360002866, 304.4273665000219, 304.4273665000219, 302.92643619998125, 302.92643619998125, 301.42596329998923, 301.42596329998923, 299.9254535000073], "a_moves_left": [39, 39, 38, 38, 37, 37, 36, 36, 35, 35, 34, 34, 33, 33, 32, 32, 31, 31, 30, 30, 29, 29, 28, 28, 27, 27, 26, 26, 25, 25, 24, 24, 23, 23, 22, 22, 21, 21, 20, 20, 19, 19, 18, 18, 17, 17, 16, 16, 15, 15, 14, 14, 13, 13, 12, 12, 11, 11, 10, 10, 9, 9, 8, 8, 7, 7, 6, 6, 5, 5, 4, 4, 3, 3, 2, 2, 1, 1, 0, 0], "b_moves_left": [40, 39, 39, 38, 38, 37, 37, 36, 36, 35, 35, 34, 34, 33, 33, 32, 32, 31, 31, 30, 30, 29, 29, 28, 28, 27, 27, 26, 26, 25, 25, 24, 24, 23, 23, 22, 22, 21, 21, 20, 20, 19, 19, 18, 18, 17, 17, 16, 16, 15, 15, 14, 14, 13, 13, 12, 12, 11, 11, 10, 10, 9, 9, 8, 8, 7, 7, 6, 6, 5, 5, 4, 4, 3, 3, 2, 2, 1, 1, 0], "trapdoor_triggered": [0, 0, 0, 0, 0, 0, 0, 0, 0, 0, 0, 0, 0, 0, 0, 0, 0, 0, 0, 1, 0, 0, 0, 0, 0, 0, 0, 0, 0, 0, 0, 0, 0, 0, 0, 0, 0, 0, 0, 0, 0, 0, 0, 0, 0, 0, 0, 0, 0, 0, 0, 0, 0, 0, 0, 0, 0, 0, 0, 0, 0, 0, 0, 0, 0, 0, 0, 0, 0, 0, 0, 0, 0, 0, 0, 0, 1, 0, 0, 0], "left_behind": ["egg", "plain", "plain", "plain", "egg", "egg", "plain", "turd", "plain", "egg", "plain", "turd", "egg", "plain", "plain", "plain", "egg", "plain", "plain", "plain", "egg", "plain", "turd", "plain", "egg", "plain", "plain", "plain", "egg", "plain", "plain", "plain", "egg", "plain", "plain", "plain", "egg", "plain", "plain", "plain", "egg", "plain", "plain", "plain", "egg", "plain", "plain", "plain", "egg", "egg", "plain", "turd", "egg", "plain", "plain", "plain", "egg", "plain", "plain", "plain", "egg", "plain", "plain", "plain", "plain", "plain", "turd", "plain", "egg", "plain", "turd", "plain", "egg", "plain", "turd", "plain", "turd", "plain", "plain", "plain"], "errlog_a": "", "errlog_b": "", "start_time": 360, "start_moves": 40, "turn_count": 80, "result": 0, "reason": "EGGS_LAID", "trapdoors": [[4, 4], [3, 2]], "spawn_a": [1, 7], "spawn_b": [1, 0]}