{"pos": [[7, 0], [6, 6], [7, 1], [6, 5], [7, 0], [6, 6], [7, 1], [6, 5], [7, 0], [6, 4], [7, 1], [6, 5], [7, 0], [6, 6], [7, 1], [7, 6], [7, 0], [6, 6], [7, 1], [6, 7], [7, 0], [6, 6], [7, 1], [6, 7], [7, 0], [5, 7], [7, 1], [6, 7], [7, 0], [5, 7], [7, 1], [6, 7], [7, 0], [5, 7], [7, 1], [4, 7], [7, 0], [4, 6], [7, 1], [4, 5], [7, 0], [4, 6], [7, 1], [4, 5], [7, 0], [4, 4], [7, 1], [4, 3], [7, 0], [4, 2], [7, 1], [4, 3], [7, 0], [4, 2], [7, 1], [4, 1], [7, 0], [4, 0], [6, 0], [3, 0], [7, 0], [4, 0], [7, 1], [5, 0], [7, 0], [5, 1], [7, 1], [4, 1], [7, 0], [4, 0], [7, 1], [5, 0], [7, 0], [5, 1], [7, 1], [5, 2], [7, 0], [5, 1], [7, 1], [5, 2]], "a_eggs_laid": [1, 1, 1, 1, 2, 2, 2, 2, 2, 2, 2, 2, 2, 2, 2, 2, 2, 2, 2, 2, 2, 2, 2, 2, 2, 2, 2, 2, 2, 2, 2, 2, 2, 2, 2, 2, 2, 2, 2, 2, 2, 2, 2, 2, 2, 2, 2, 2, 2, 2, 2, 2, 2, 2, 2, 2, 2, 2, 2, 2, 2, 2, 2, 2, 2, 2, 2, 2, 2, 2, 2, 2, 2, 2, 2, 2, 2, 2, 2, 2], "b_eggs_laid": [0, 0, 0, 0, 0, 0, 0, 0, 0, 0, 0, 0, 0, 0, 0, 0, 0, 0, 0, 0, 0, 0, 0, 0, 0, 0, 0, 0, 0, 0, 0, 0, 0, 0, 0, 0, 0, 1, 1, 1, 1, 2, 2, 2, 2, 2, 2, 2, 2, 2, 2, 2, 2, 3, 3, 3, 3, 4, 4, 4, 4, 4, 4, 4, 4, 4, 4, 4, 4, 4, 4, 4, 4, 5, 5, 5, 5, 6, 6, 6], "a_turds_left": [5, 5, 5, 5, 5, 5, 5, 5, 5, 5, 5, 5, 5, 5, 5, 5, 5, 5, 5, 5, 5, 5, 5, 5, 5, 5, 5, 5, 5, 5, 5, 5, 5, 5, 5, 5, 5, 5, 5, 5, 5, 5, 5, 5, 5, 5, 5, 5, 5, 5, 5, 5, 5, 5, 5, 5, 5, 5, 4, 4, 4, 4, 4, 4, 4, 4, 4, 4, 4, 4, 4, 4, 4, 4, 4, 4, 4, 4, 4, 4], "b_turds_left": [5, 4, 4, 3, 3, 2, 2, 2, 2, 2, 2, 1, 1, 1, 1, 1, 1, 1, 1, 1, 1, 1, 1, 1, 1, 1, 1, 0, 0, 0, 0, 0, 0, 0, 0, 0, 0, 0, 0, 0, 0, 0, 0, 0, 0, 0, 0, 0, 0, 0, 0, 0, 0, 0, 0, 0, 0, 0, 0, 0, 0, 0, 0, 0, 0, 0, 0, 0, 0, 0, 0, 0, 0, 0, 0, 0, 0, 0, 0, 0], "a_time_left": [359.99934300000314, 359.99934300000314, 359.99865810002666, 359.99865810002666, 359.99810010002693, 359.99810010002693, 359.99737100000493, 359.99737100000493, 359.9968181999866, 359.9968181999866, 359.99613059998956, 359.99613059998956, 359.99555849994067, 359.99555849994067, 359.9948649999569, 359.9948649999569, 359.9943232999649, 359.9943232999649, 359.9936705, 359.9936705, 359.99305879999883, 359.99305879999883, 359.99239570001373, 359.99239570001373, 359.99185280001257, 359.99185280001257, 359.9912356999703, 359.9912356999703, 359.9907522999565, 359.9907522999565, 359.99020939995535, 359.99020939995535, 359.98972889996367, 359.98972889996367, 359.9891644999734, 359.9891644999734, 359.9886799999513, 359.9886799999513, 359.9880956999841, 359.9880956999841, 359.9875957999611, 359.9875957999611, 359.987030099961, 359.987030099961, 359.9865371999331, 359.9865371999331, 359.9859581999481, 359.9859581999481, 359.9854696999537, 359.9854696999537, 359.98489149997476, 359.98489149997476, 359.98438419995364, 359.98438419995364, 359.9837285999092, 359.9837285999092, 359.9823610999156, 359.9823610999156, 359.98179169994546, 359.98179169994546, 359.9813157999888, 359.9813157999888, 359.98097829998005, 359.98097829998005, 359.9805219999398, 359.9805219999398, 359.9801802999573, 359.9801802999573, 359.9796828000108, 359.9796828000108, 359.97933850000845, 359.97933850000845, 359.9788750000298, 359.9788750000298, 359.97854370006826, 359.97854370006826, 359.9780342000886, 359.9780342000886, 359.9776849001064, 359.9776849001064], "b_time_left": [360, 358.46627770003397, 358.46627770003397, 356.96554300002754, 356.96554300002754, 355.46475510002347, 355.46475510002347, 353.9642050000257, 353.9642050000257, 352.46337020001374, 352.46337020001374, 350.9624073000159, 350.9624073000159, 349.4614034999977, 349.4614034999977, 347.9607347000274, 347.9607347000274, 346.4602159000351, 346.4602159000351, 344.95966910000425, 344.95966910000425, 343.45898170000874, 343.45898170000874, 341.95815039996523, 341.95815039996523, 340.45734239998274, 340.45734239998274, 338.9552910999628, 338.9552910999628, 337.4539508999442, 337.4539508999442, 335.9534851999488, 335.9534851999488, 334.45274189999327, 334.45274189999327, 332.95194090000587, 332.95194090000587, 331.4512270000414, 331.4512270000414, 329.95042020006804, 329.95042020006804, 328.4494134000852, 328.4494134000852, 326.94885150011396, 326.94885150011396, 325.44808960013324, 325.44808960013324, 323.94738020014483, 323.94738020014483, 322.44611160014756, 322.44611160014756, 320.9448145001079, 320.9448145001079, 319.44374870008323, 319.44374870008323, 317.94324780011084, 317.94324780011084, 316.4428098000935, 316.4428098000935, 314.9418570000562, 314.9418570000562, 313.44126570003573, 313.44126570003573, 311.9406469000387, 311.9406469000387, 310.4396822000854, 310.4396822000854, 308.93879170011496, 308.93879170011496, 307.4379182000994, 307.4379182000994, 305.9372343001305, 305.9372343001305, 304.4362724001403, 304.4362724001403, 302.9356082001468, 302.9356082001468, 301.4344302001409, 301.4344302001409, 299.93370030011283], "a_moves_left": [39, 39, 38, 38, 37, 37, 36, 36, 35, 35, 34, 34, 33, 33, 32, 32, 31, 31, 30, 30, 29, 29, 28, 28, 27, 27, 26, 26, 25, 25, 24, 24, 23, 23, 22, 22, 21, 21, 20, 20, 19, 19, 18, 18, 17, 17, 16, 16, 15, 15, 14, 14, 13, 13, 12, 12, 11, 11, 10, 10, 9, 9, 8, 8, 7, 7, 6, 6, 5, 5, 4, 4, 3, 3, 2, 2, 1, 1, 0, 0], "b_moves_left": [40, 39, 39, 38, 38, 37, 37, 36, 36, 35, 35, 34, 34, 33, 33, 32, 32, 31, 31, 30, 30, 29, 29, 28, 28, 27, 27, 26, 26, 25, 25, 24, 24, 23, 23, 22, 22, 21, 21, 20, 20, 19, 19, 18, 18, 17, 17, 16, 16, 15, 15, 14, 14, 13, 13, 12, 12, 11, 11, 10, 10, 9, 9, 8, 8, 7, 7, 6, 6, 5, 5, 4, 4, 3, 3, 2, 2, 1, 1, 0], "trapdoor_triggered": [0, 0, 0, 0, 0, 0, 0, 0, 0, 0, 0, 0, 0, 0, 0, 0, 0, 0, 0, 0, 0, 0, 0, 0, 0, 0, 0, 0, 0, 0, 0, 0, 0, 0, 0, 0, 0, 0, 0, 0, 0, 0, 0, 0, 0, 0, 0, 0, 0, 0, 0, 0, 0, 0, 0, 0, 0, 0, 0, 0, 0, 0, 0, 0, 0, 0, 0, 0, 0, 0, 0, 0, 0, 0, 0, 0, 0, 0, 0, 0], "left_behind": ["egg", "turd", "plain", "turd", "egg", "turd", "plain", "plain", "plain", "plain", "plain", "turd", "plain", "plain", "plain", "plain", "plain", "plain", "plain", "plain", "plain", "plain", "plain", "plain", "plain", "plain", "plain", "turd", "plain", "plain", "plain", "plain", "plain", "plain", "plain", "plain", "plain", "egg", "plain", "plain", "plain", "egg", "plain", "plain", "plain", "plain", "plain", "plain", "plain", "plain", "plain", "plain", "plain", "egg", "plain", "plain", "plain", "egg", "turd", "plain", "plain", "plain", "plain", "plain", "plain", "plain", "plain", "plain", "plain", "plain", "plain", "plain", "plain", "egg", "plain", "plain", "plain", "egg", "plain", "plain"], "errlog_a": "", "errlog_b": "", "start_time": 360, "start_moves": 40, "turn_count": 80, "result": 1, "reason": "EGGS_LAID", "trapdoors": [[5, 3], [2, 5]], "spawn_a": [6, 0], "spawn_b": [6, 7]}