{"pos": [[5, 0], [5, 7], [6, 0], [6, 7], [7, 0], [6, 6], [7, 1], [6, 5], [7, 0], [5, 5], [6, 0], [4, 5], [6, 1], [4, 6], [6, 2], [4, 7], [7, 2], [4, 6], [7, 1], [4, 7], [7, 0], [3, 7], [6, 0], [3, 6], [6, 1], [4, 6], [5, 1], [4, 5], [5, 0], [5, 5], [6, 0], [4, 5], [7, 0], [5, 5], [7, 1], [5, 6], [7, 2], [5, 5], [7, 3], [4, 5], [7, 4], [5, 5], [7, 5], [6, 5], [7, 4], [5, 5], [6, 4], [5, 4], [6, 3], [5, 5], [5, 3], [6, 5], [5, 2], [6, 6], [5, 1], [6, 5], [5, 0], [6, 6], [6, 0], [6, 5], [7, 0], [5, 5], [7, 1], [4, 5], [7, 2], [3, 5], [7, 3], [2, 5], [7, 4], [2, 4], [7, 5], [1, 4], [7, 4], [1, 3], [7, 5], [2, 3], [7, 4], [2, 2], [7, 3], [2, 1]], "a_eggs_laid": [1, 1, 1, 1, 2, 2, 2, 2, 3, 3, 3, 3, 3, 3, 3, 3, 4, 4, 4, 4, 4, 4, 4, 4, 4, 4, 4, 4, 5, 5, 5, 5, 5, 5, 5, 5, 5, 5, 5, 5, 6, 6, 6, 6, 7, 7, 7, 7, 8, 8, 8, 8, 8, 8, 8, 8, 8, 8, 8, 8, 8, 8, 8, 8, 8, 8, 8, 8, 8, 8, 8, 8, 8, 8, 8, 8, 8, 8, 8, 8], "b_eggs_laid": [0, 0, 0, 0, 0, 0, 0, 0, 0, 1, 1, 1, 1, 1, 1, 1, 1, 1, 1, 1, 1, 1, 1, 1, 1, 2, 2, 2, 2, 2, 2, 2, 2, 2, 2, 2, 2, 3, 3, 3, 3, 3, 3, 3, 3, 3, 3, 3, 3, 4, 4, 4, 4, 4, 4, 4, 4, 4, 4, 4, 4, 4, 4, 4, 4, 4, 4, 4, 4, 5, 5, 5, 5, 5, 5, 5, 5, 6, 6, 6], "a_turds_left": [5, 5, 5, 5, 5, 5, 5, 5, 5, 5, 5, 5, 5, 5, 5, 5, 5, 5, 5, 5, 5, 5, 5, 5, 5, 5, 5, 5, 5, 5, 5, 5, 5, 5, 5, 5, 5, 5, 5, 5, 5, 5, 4, 4, 4, 4, 4, 4, 4, 4, 3, 3, 2, 2, 2, 2, 2, 2, 2, 2, 2, 2, 2, 2, 2, 2, 2, 2, 2, 2, 2, 2, 2, 2, 2, 2, 2, 2, 2, 2], "b_turds_left": [5, 4, 4, 4, 4, 4, 4, 3, 3, 3, 3, 2, 2, 2, 2, 2, 2, 2, 2, 2, 2, 2, 2, 1, 1, 1, 1, 1, 1, 0, 0, 0, 0, 0, 0, 0, 0, 0, 0, 0, 0, 0, 0, 0, 0, 0, 0, 0, 0, 0, 0, 0, 0, 0, 0, 0, 0, 0, 0, 0, 0, 0, 0, 0, 0, 0, 0, 0, 0, 0, 0, 0, 0, 0, 0, 0, 0, 0, 0, 0], "a_time_left": [359.9984607999795, 359.9984607999795, 359.99733109999215, 359.99733109999215, 359.99635849997867, 359.99635849997867, 359.9955611000187, 359.9955611000187, 359.99487920000684, 359.99487920000684, 359.99411800003145, 359.99411800003145, 359.99346440000227, 359.99346440000227, 359.99207380000735, 359.99207380000735, 359.9912949000136, 359.9912949000136, 359.9902368999901, 359.9902368999901, 359.98961539997254, 359.98961539997254, 359.98888209997676, 359.98888209997676, 359.98821829998633, 359.98821829998633, 359.9868656999897, 359.9868656999897, 359.9860502000083, 359.9860502000083, 359.98499369999627, 359.98499369999627, 359.9843650999828, 359.9843650999828, 359.9836744000204, 359.9836744000204, 359.98305900004925, 359.98305900004925, 359.9820612000185, 359.9820612000185, 359.9811267000041, 359.9811267000041, 359.98022150003817, 359.98022150003817, 359.97988500003703, 359.97988500003703, 359.9793285000487, 359.9793285000487, 359.9788382000406, 359.9788382000406, 359.9776572000701, 359.9776572000701, 359.9763478000532, 359.9763478000532, 359.97508300002664, 359.97508300002664, 359.9743584000389, 359.9743584000389, 359.9733991000685, 359.9733991000685, 359.9728330000653, 359.9728330000653, 359.97213710006326, 359.97213710006326, 359.97149630007334, 359.97149630007334, 359.97055060009006, 359.97055060009006, 359.9699399000383, 359.9699399000383, 359.9693801000831, 359.9693801000831, 359.96903270005714, 359.96903270005714, 359.96845550002763, 359.96845550002763, 359.96811340004206, 359.96811340004206, 359.96708370000124, 359.96708370000124], "b_time_left": [360, 358.4672082999605, 358.4672082999605, 356.96656470000744, 356.96656470000744, 355.4659817000502, 355.4659817000502, 353.96532020001905, 353.96532020001905, 352.4644833000493, 352.4644833000493, 350.96357220003847, 350.96357220003847, 349.46268400002737, 349.46268400002737, 347.96191610000096, 347.96191610000096, 346.4612555000349, 346.4612555000349, 344.96039720001863, 344.96039720001863, 343.4592646000092, 343.4592646000092, 341.95883799996227, 341.95883799996227, 340.45826909993775, 340.45826909993775, 338.9575970999431, 338.9575970999431, 337.45621329994174, 337.45621329994174, 335.95522489998257, 335.95522489998257, 334.4539981999551, 334.4539981999551, 332.95271809992846, 332.95271809992846, 331.4519608999253, 331.4519608999253, 329.95132459991146, 329.95132459991146, 328.4507898999145, 328.4507898999145, 326.9502057999489, 326.9502057999489, 325.4495526999235, 325.4495526999235, 323.9489162999671, 323.9489162999671, 322.4481829999713, 322.4481829999713, 320.94745490001515, 320.94745490001515, 319.4467638999922, 319.4467638999922, 317.9460324999527, 317.9460324999527, 316.4453059999505, 316.4453059999505, 314.9443127999548, 314.9443127999548, 313.44340449996525, 313.44340449996525, 311.94291109999176, 311.94291109999176, 310.4420804999536, 310.4420804999536, 308.9412147999974, 308.9412147999974, 307.43991610000376, 307.43991610000376, 305.93920490000164, 305.93920490000164, 304.4383678000304, 304.4383678000304, 302.9376759000006, 302.9376759000006, 301.436745999963, 301.436745999963, 299.93623519991525], "a_moves_left": [39, 39, 38, 38, 37, 37, 36, 36, 35, 35, 34, 34, 33, 33, 32, 32, 31, 31, 30, 30, 29, 29, 28, 28, 27, 27, 26, 26, 25, 25, 24, 24, 23, 23, 22, 22, 21, 21, 20, 20, 19, 19, 18, 18, 17, 17, 16, 16, 15, 15, 14, 14, 13, 13, 12, 12, 11, 11, 10, 10, 9, 9, 8, 8, 7, 7, 6, 6, 5, 5, 4, 4, 3, 3, 2, 2, 1, 1, 0, 0], "b_moves_left": [40, 39, 39, 38, 38, 37, 37, 36, 36, 35, 35, 34, 34, 33, 33, 32, 32, 31, 31, 30, 30, 29, 29, 28, 28, 27, 27, 26, 26, 25, 25, 24, 24, 23, 23, 22, 22, 21, 21, 20, 20, 19, 19, 18, 18, 17, 17, 16, 16, 15, 15, 14, 14, 13, 13, 12, 12, 11, 11, 10, 10, 9, 9, 8, 8, 7, 7, 6, 6, 5, 5, 4, 4, 3, 3, 2, 2, 1, 1, 0], "trapdoor_triggered": [0, 0, 0, 0, 0, 0, 0, 0, 0, 0, 0, 0, 0, 0, 0, 0, 0, 0, 0, 0, 0, 0, 0, 0, 0, 0, 0, 0, 0, 0, 0, 0, 0, 0, 0, 0, 0, 0, 0, 0, 0, 0, 0, 0, 0, 0, 0, 0, 0, 0, 0, 0, 0, 0, 0, 0, 0, 0, 0, 0, 0, 0, 0, 0, 0, 0, 0, 0, 0, 0, 0, 0, 0, 0, 0, 0, 0, 0, 0, 0], "left_behind": ["egg", "turd", "plain", "plain", "egg", "plain", "plain", "turd", "egg", "egg", "plain", "turd", "plain", "plain", "plain", "plain", "egg", "plain", "plain", "plain", "plain", "plain", "plain", "turd", "plain", "egg", "plain", "plain", "egg", "turd", "plain", "plain", "plain", "plain", "plain", "plain", "plain", "egg", "plain", "plain", "egg", "plain", "turd", "plain", "egg", "plain", "plain", "plain", "egg", "egg", "turd", "plain", "turd", "plain", "plain", "plain", "plain", "plain", "plain", "plain", "plain", "plain", "plain", "plain", "plain", "plain", "plain", "plain", "plain", "egg", "plain", "plain", "plain", "plain", "plain", "plain", "plain", "egg", "plain", "plain"], "errlog_a": "", "errlog_b": "", "start_time": 360, "start_moves": 40, "turn_count": 80, "result": 0, "reason": "EGGS_LAID", "trapdoors": [[4, 4], [3, 2]], "spawn_a": [4, 0], "spawn_b": [4, 7]}