{"pos": [[5, 0], [3, 7], [6, 0], [4, 7], [7, 0], [5, 7], [7, 1], [6, 7], [7, 0], [7, 7], [6, 0], [6, 7], [6, 1], [7, 7], [6, 2], [6, 7], [7, 2], [6, 6], [7, 3], [7, 6], [7, 4], [6, 6], [6, 4], [5, 6], [6, 5], [5, 5], [6, 4], [4, 5], [6, 3], [4, 6], [5, 3], [3, 6], [5, 4], [4, 6], [5, 0], [4, 7], [6, 0], [5, 7], [7, 0], [6, 7], [7, 1], [5, 7], [6, 1], [6, 7], [5, 1], [6, 6], [5, 0], [7, 6], [6, 0], [6, 6], [7, 0], [5, 6], [7, 1], [6, 6], [6, 1], [7, 6], [6, 0], [7, 7], [7, 0], [7, 6], [7, 1], [6, 6], [7, 0], [5, 6], [6, 0], [6, 6], [6, 1], [5, 6], [7, 1], [5, 5], [7, 0], [5, 6], [6, 0], [5, 7], [5, 0], [4, 7], [5, 1], [4, 6], [6, 1], [5, 6]], "a_eggs_laid": [1, 1, 1, 1, 2, 2, 2, 2, 3, 3, 3, 3, 3, 3, 3, 3, 4, 4, 4, 4, 5, 5, 5, 5, 5, 5, 5, 5, 5, 5, 5, 5, 5, 5, 5, 5, 5, 5, 5, 5, 5, 5, 5, 5, 5, 5, 6, 6, 6, 6, 6, 6, 6, 6, 6, 6, 6, 6, 6, 6, 6, 6, 6, 6, 6, 6, 6, 6, 6, 6, 6, 6, 6, 6, 6, 6, 6, 6, 6, 6], "b_eggs_laid": [0, 0, 0, 0, 0, 0, 0, 0, 0, 0, 0, 0, 0, 0, 0, 0, 0, 0, 0, 0, 0, 0, 0, 0, 0, 0, 0, 0, 0, 1, 1, 1, 1, 5, 5, 5, 5, 5, 5, 5, 5, 5, 5, 5, 5, 5, 5, 5, 5, 5, 5, 5, 5, 6, 6, 6, 6, 6, 6, 6, 6, 6, 6, 6, 6, 6, 6, 6, 6, 6, 6, 6, 6, 6, 6, 6, 6, 6, 6, 6], "a_turds_left": [5, 5, 5, 5, 5, 5, 5, 5, 5, 5, 5, 5, 5, 5, 5, 5, 5, 5, 4, 4, 4, 4, 3, 3, 2, 2, 2, 2, 2, 2, 1, 1, 0, 0, 0, 0, 0, 0, 0, 0, 0, 0, 0, 0, 0, 0, 0, 0, 0, 0, 0, 0, 0, 0, 0, 0, 0, 0, 0, 0, 0, 0, 0, 0, 0, 0, 0, 0, 0, 0, 0, 0, 0, 0, 0, 0, 0, 0, 0, 0], "b_turds_left": [5, 4, 4, 4, 4, 4, 4, 3, 3, 2, 2, 2, 2, 2, 2, 1, 1, 1, 1, 1, 1, 0, 0, 0, 0, 0, 0, 0, 0, 0, 0, 0, 0, 0, 0, 0, 0, 0, 0, 0, 0, 0, 0, 0, 0, 0, 0, 0, 0, 0, 0, 0, 0, 0, 0, 0, 0, 0, 0, 0, 0, 0, 0, 0, 0, 0, 0, 0, 0, 0, 0, 0, 0, 0, 0, 0, 0, 0, 0, 0], "a_time_left": [359.9982258999953, 359.9982258999953, 359.9971086999867, 359.9971086999867, 359.9960610999842, 359.9960610999842, 359.99529779999284, 359.99529779999284, 359.99465100001544, 359.99465100001544, 359.9939045999781, 359.9939045999781, 359.9932446999592, 359.9932446999592, 359.9918003999628, 359.9918003999628, 359.99094159994274, 359.99094159994274, 359.98985539993737, 359.98985539993737, 359.9892125999322, 359.9892125999322, 359.9884389999788, 359.9884389999788, 359.9864069999894, 359.9864069999894, 359.9860525999684, 359.9860525999684, 359.98522789997514, 359.98522789997514, 359.98365149996243, 359.98365149996243, 359.9819196999888, 359.9819196999888, 359.9813579999609, 359.9813579999609, 359.98078859993257, 359.98078859993257, 359.9802875999594, 359.9802875999594, 359.97984249994624, 359.97984249994624, 359.9793455999461, 359.9793455999461, 359.9778006999404, 359.9778006999404, 359.97729789995356, 359.97729789995356, 359.9767329999595, 359.9767329999595, 359.9762195999501, 359.9762195999501, 359.97574989992427, 359.97574989992427, 359.9752362999134, 359.9752362999134, 359.97454999992624, 359.97454999992624, 359.97404309990816, 359.97404309990816, 359.9735942998668, 359.9735942998668, 359.9730618998874, 359.9730618998874, 359.9726033998886, 359.9726033998886, 359.97210729989456, 359.97210729989456, 359.97137849987485, 359.97137849987485, 359.97087759984424, 359.97087759984424, 359.970421799866, 359.970421799866, 359.9699120998848, 359.9699120998848, 359.9693364998675, 359.9693364998675, 359.96871569985524, 359.96871569985524], "b_time_left": [360, 358.4663714999915, 358.4663714999915, 356.9653802999528, 356.9653802999528, 355.464532199956, 355.464532199956, 353.96385709993774, 353.96385709993774, 352.4630600999808, 352.4630600999808, 350.9623112999834, 350.9623112999834, 349.46106649999274, 349.46106649999274, 347.96032600000035, 347.96032600000035, 346.45955470000627, 346.45955470000627, 344.95845460001146, 344.95845460001146, 343.4577017999836, 343.4577017999836, 341.95700059999945, 341.95700059999945, 340.4560859000194, 340.4560859000194, 338.9552505000029, 338.9552505000029, 337.45473569998285, 337.45473569998285, 335.95234269998036, 335.95234269998036, 334.45150729996385, 334.45150729996385, 332.9506032000063, 332.9506032000063, 331.44968670001253, 331.44968670001253, 329.94858840003144, 329.94858840003144, 328.4478607000783, 328.4478607000783, 326.9468538000947, 326.9468538000947, 325.4463474000804, 325.4463474000804, 323.94531520007877, 323.94531520007877, 322.44464900007006, 322.44464900007006, 320.94397560006473, 320.94397560006473, 319.4418577000615, 319.4418577000615, 317.94087320007384, 317.94087320007384, 316.4400648000883, 316.4400648000883, 314.9392884001136, 314.9392884001136, 313.4386951001361, 313.4386951001361, 311.9378234001342, 311.9378234001342, 310.4368692000862, 310.4368692000862, 308.9350682001095, 308.9350682001095, 307.4341632001451, 307.4341632001451, 305.93346170015866, 305.93346170015866, 304.4327930001309, 304.4327930001309, 302.93171140016057, 302.93171140016057, 301.4310145001509, 301.4310145001509, 299.92996660014614], "a_moves_left": [39, 39, 38, 38, 37, 37, 36, 36, 35, 35, 34, 34, 33, 33, 32, 32, 31, 31, 30, 30, 29, 29, 28, 28, 27, 27, 26, 26, 25, 25, 24, 24, 23, 23, 22, 22, 21, 21, 20, 20, 19, 19, 18, 18, 17, 17, 16, 16, 15, 15, 14, 14, 13, 13, 12, 12, 11, 11, 10, 10, 9, 9, 8, 8, 7, 7, 6, 6, 5, 5, 4, 4, 3, 3, 2, 2, 1, 1, 0, 0], "b_moves_left": [40, 39, 39, 38, 38, 37, 37, 36, 36, 35, 35, 34, 34, 33, 33, 32, 32, 31, 31, 30, 30, 29, 29, 28, 28, 27, 27, 26, 26, 25, 25, 24, 24, 23, 23, 22, 22, 21, 21, 20, 20, 19, 19, 18, 18, 17, 17, 16, 16, 15, 15, 14, 14, 13, 13, 12, 12, 11, 11, 10, 10, 9, 9, 8, 8, 7, 7, 6, 6, 5, 5, 4, 4, 3, 3, 2, 2, 1, 1, 0], "trapdoor_triggered": [0, 0, 0, 0, 0, 0, 0, 0, 0, 0, 0, 0, 0, 0, 0, 0, 0, 0, 0, 0, 0, 0, 0, 0, 0, 0, 0, 0, 0, 0, 0, 0, 1, 0, 0, 0, 0, 0, 0, 0, 0, 0, 0, 0, 0, 0, 0, 0, 0, 0, 0, 0, 0, 0, 0, 0, 0, 0, 0, 0, 0, 0, 0, 0, 0, 0, 0, 0, 0, 0, 0, 0, 0, 0, 0, 0, 0, 0, 0, 0], "left_behind": ["egg", "turd", "plain", "plain", "egg", "plain", "plain", "turd", "egg", "turd", "plain", "plain", "plain", "plain", "plain", "turd", "egg", "plain", "turd", "plain", "egg", "turd", "turd", "plain", "turd", "plain", "plain", "plain", "plain", "egg", "turd", "plain", "turd", "plain", "plain", "plain", "plain", "plain", "plain", "plain", "plain", "plain", "plain", "plain", "plain", "plain", "egg", "plain", "plain", "plain", "plain", "plain", "plain", "egg", "plain", "plain", "plain", "plain", "plain", "plain", "plain", "plain", "plain", "plain", "plain", "plain", "plain", "plain", "plain", "plain", "plain", "plain", "plain", "plain", "plain", "plain", "plain", "plain", "plain", "plain"], "errlog_a": "", "errlog_b": "", "start_time": 360, "start_moves": 40, "turn_count": 80, "result": 2, "reason": "EGGS_LAID", "trapdoors": [[4, 4], [5, 4]], "spawn_a": [4, 0], "spawn_b": [4, 7]}