{"pos": [[7, 0], [7, 7], [7, 1], [6, 7], [7, 0], [5, 7], [6, 0], [4, 7], [6, 1], [5, 7], [6, 2], [6, 7], [7, 2], [7, 7], [7, 3], [7, 6], [7, 4], [7, 7], [7, 5], [7, 6], [6, 5], [6, 6], [6, 4], [6, 7], [6, 3], [5, 7], [5, 3], [5, 6], [5, 2], [4, 6], [5, 1], [4, 7], [5, 0], [5, 7], [4, 0], [6, 7], [3, 0], [5, 7], [2, 0], [4, 7], [1, 0], [5, 7], [0, 0], [6, 7], [0, 1], [6, 6], [1, 1], [7, 6], [1, 0], [6, 6], [0, 0], [6, 5], [0, 1], [6, 6], [0, 2], [6, 7], [1, 2], [7, 7], [1, 1], [6, 7], [2, 1], [6, 6], [3, 1], [6, 7], [4, 1], [6, 6], [5, 1], [6, 5], [5, 0], [5, 5], [6, 0], [6, 5], [7, 0], [6, 6], [7, 1], [6, 5], [7, 2], [6, 6], [7, 3], [7, 6]], "a_eggs_laid": [1, 1, 1, 1, 2, 2, 2, 2, 2, 2, 2, 2, 3, 3, 3, 3, 4, 4, 4, 4, 5, 5, 5, 5, 6, 6, 6, 6, 7, 7, 7, 7, 8, 8, 8, 8, 9, 9, 9, 9, 10, 10, 10, 10, 13, 13, 13, 13, 13, 13, 13, 13, 13, 13, 13, 13, 13, 13, 13, 13, 13, 13, 13, 13, 13, 13, 13, 13, 13, 13, 13, 13, 13, 13, 13, 13, 13, 13, 13, 13], "b_eggs_laid": [0, 1, 1, 1, 1, 1, 1, 1, 1, 2, 2, 2, 2, 2, 2, 2, 2, 3, 3, 3, 3, 3, 3, 3, 3, 3, 3, 3, 3, 4, 4, 4, 4, 4, 4, 4, 4, 4, 4, 4, 4, 4, 4, 4, 4, 4, 4, 4, 4, 4, 4, 4, 4, 4, 4, 4, 4, 4, 4, 4, 4, 4, 4, 4, 4, 4, 4, 4, 4, 4, 4, 4, 4, 4, 4, 4, 4, 5, 5, 5], "a_turds_left": [5, 5, 5, 5, 5, 5, 5, 5, 5, 5, 5, 5, 5, 5, 5, 5, 5, 5, 4, 4, 4, 4, 4, 4, 4, 4, 3, 3, 3, 3, 3, 3, 3, 3, 3, 3, 3, 3, 3, 3, 3, 3, 3, 3, 3, 3, 3, 3, 3, 3, 3, 3, 3, 3, 3, 3, 3, 3, 3, 3, 3, 3, 3, 3, 3, 3, 3, 3, 3, 3, 3, 3, 3, 3, 3, 3, 3, 3, 2, 2], "b_turds_left": [5, 5, 5, 5, 5, 5, 5, 4, 4, 4, 4, 4, 4, 4, 4, 3, 3, 3, 3, 3, 3, 3, 3, 3, 3, 3, 3, 3, 3, 3, 3, 2, 2, 2, 2, 2, 2, 2, 2, 2, 2, 2, 2, 2, 2, 2, 2, 1, 1, 1, 1, 1, 1, 1, 1, 1, 1, 1, 1, 1, 1, 1, 1, 1, 1, 1, 1, 1, 1, 1, 1, 0, 0, 0, 0, 0, 0, 0, 0, 0], "a_time_left": [359.99683640000876, 359.99683640000876, 359.9955560999806, 359.9955560999806, 359.9944608999649, 359.9944608999649, 359.9930795999244, 359.9930795999244, 359.9923605999211, 359.9923605999211, 359.99093589989934, 359.99093589989934, 359.9901475998922, 359.9901475998922, 359.9891758998856, 359.9891758998856, 359.9885303998599, 359.9885303998599, 359.9859037998831, 359.9859037998831, 359.98513139988063, 359.98513139988063, 359.98352779989364, 359.98352779989364, 359.9818575999234, 359.9818575999234, 359.9805398999597, 359.9805398999597, 359.97971309995046, 359.97971309995046, 359.9782687999541, 359.9782687999541, 359.97718559991335, 359.97718559991335, 359.9761709998711, 359.9761709998711, 359.9755204998655, 359.9755204998655, 359.97449799987953, 359.97449799987953, 359.97364989988273, 359.97364989988273, 359.9726620998699, 359.9726620998699, 359.9721482998575, 359.9721482998575, 359.9710794998682, 359.9710794998682, 359.96931329986546, 359.96931329986546, 359.9680565998424, 359.9680565998424, 359.9675796998781, 359.9675796998781, 359.9665509998449, 359.9665509998449, 359.964379499841, 359.964379499841, 359.96266869985266, 359.96266869985266, 359.9608589998097, 359.9608589998097, 359.95945319981547, 359.95945319981547, 359.9559206998092, 359.9559206998092, 359.9545339997858, 359.9545339997858, 359.95377319981344, 359.95377319981344, 359.9527337998152, 359.9527337998152, 359.95214579981985, 359.95214579981985, 359.9513052998227, 359.9513052998227, 359.95072949980386, 359.95072949980386, 359.94979269977193, 359.94979269977193], "b_time_left": [360, 358.46408870001324, 358.46408870001324, 356.963126800023, 356.963126800023, 355.462083200051, 355.462083200051, 353.9612860000343, 353.9612860000343, 352.4602770000347, 352.4602770000347, 350.9594874000177, 350.9594874000177, 349.4588796000462, 349.4588796000462, 347.9582600000431, 347.9582600000431, 346.45704020006815, 346.45704020006815, 344.95629120006924, 344.95629120006924, 343.45539210003335, 343.45539210003335, 341.9546379999956, 341.9546379999956, 340.45364650001284, 340.45364650001284, 338.95311040006345, 338.95311040006345, 337.45220180007163, 337.45220180007163, 335.9510043000337, 335.9510043000337, 334.4500563000329, 334.4500563000329, 332.94911980000325, 332.94911980000325, 331.4481515000225, 331.4481515000225, 329.94733220001217, 329.94733220001217, 328.4466422999976, 328.4466422999976, 326.94591569999466, 326.94591569999466, 325.444914599997, 325.444914599997, 323.94420919998083, 323.94420919998083, 322.4436403999571, 322.4436403999571, 320.94289089995436, 320.94289089995436, 319.4419357999577, 319.4419357999577, 317.9407766999793, 317.9407766999793, 316.4395705999923, 316.4395705999923, 314.9385423999629, 314.9385423999629, 313.43764399999054, 313.43764399999054, 311.9366114999866, 311.9366114999866, 310.4356710999855, 310.4356710999855, 308.9347690999857, 308.9347690999857, 307.43359829997644, 307.43359829997644, 305.93220270000165, 305.93220270000165, 304.4311522000353, 304.4311522000353, 302.93023850000463, 302.93023850000463, 301.4291508999886, 301.4291508999886, 299.9279037999804], "a_moves_left": [39, 39, 38, 38, 37, 37, 36, 36, 35, 35, 34, 34, 33, 33, 32, 32, 31, 31, 30, 30, 29, 29, 28, 28, 27, 27, 26, 26, 25, 25, 24, 24, 23, 23, 22, 22, 21, 21, 20, 20, 19, 19, 18, 18, 17, 17, 16, 16, 15, 15, 14, 14, 13, 13, 12, 12, 11, 11, 10, 10, 9, 9, 8, 8, 7, 7, 6, 6, 5, 5, 4, 4, 3, 3, 2, 2, 1, 1, 0, 0], "b_moves_left": [40, 39, 39, 38, 38, 37, 37, 36, 36, 35, 35, 34, 34, 33, 33, 32, 32, 31, 31, 30, 30, 29, 29, 28, 28, 27, 27, 26, 26, 25, 25, 24, 24, 23, 23, 22, 22, 21, 21, 20, 20, 19, 19, 18, 18, 17, 17, 16, 16, 15, 15, 14, 14, 13, 13, 12, 12, 11, 11, 10, 10, 9, 9, 8, 8, 7, 7, 6, 6, 5, 5, 4, 4, 3, 3, 2, 2, 1, 1, 0], "trapdoor_triggered": [0, 0, 0, 0, 0, 0, 0, 0, 0, 0, 0, 0, 0, 0, 0, 0, 0, 0, 0, 0, 0, 0, 0, 0, 0, 0, 0, 0, 0, 0, 0, 0, 0, 0, 0, 0, 0, 0, 0, 0, 0, 0, 0, 0, 0, 0, 0, 0, 0, 0, 0, 0, 0, 0, 0, 0, 0, 0, 0, 0, 0, 0, 0, 0, 0, 0, 0, 0, 0, 0, 0, 0, 0, 0, 0, 0, 0, 0, 0, 0], "left_behind": ["egg", "egg", "plain", "plain", "egg", "plain", "plain", "turd", "plain", "egg", "plain", "plain", "egg", "plain", "plain", "turd", "egg", "egg", "turd", "plain", "egg", "plain", "plain", "plain", "egg", "plain", "turd", "plain", "egg", "egg", "plain", "turd", "egg", "plain", "plain", "plain", "egg", "plain", "plain", "plain", "egg", "plain", "plain", "plain", "egg", "plain", "plain", "turd", "plain", "plain", "plain", "plain", "plain", "plain", "plain", "plain", "plain", "plain", "plain", "plain", "plain", "plain", "plain", "plain", "plain", "plain", "plain", "plain", "plain", "plain", "plain", "turd", "plain", "plain", "plain", "plain", "plain", "egg", "turd", "plain"], "errlog_a": "", "errlog_b": "", "start_time": 360, "start_moves": 40, "turn_count": 80, "result": 0, "reason": "EGGS_LAID", "trapdoors": [[2, 2], [4, 5]], "spawn_a": [6, 0], "spawn_b": [6, 7]}