{"pos": [[6, 1], [0, 2], [6, 2], [1, 2], [5, 2], [1, 1], [5, 3], [1, 2], [4, 3], [1, 3], [6, 1], [0, 3], [5, 1], [0, 2], [4, 1], [0, 3], [4, 2], [0, 2], [4, 3], [1, 2], [7, 2], [1, 3], [7, 3], [0, 3], [6, 3], [0, 2], [6, 4], [0, 3], [5, 4], [0, 2], [5, 5], [0, 3], [6, 1], [0, 4], [6, 0], [0, 3], [5, 0], [0, 4], [4, 0], [0, 3], [3, 0], [1, 3], [3, 1], [2, 3], [3, 2], [1, 3], [3, 3], [1, 4], [3, 4], [2, 4], [4, 4], [1, 4], [4, 5], [0, 4], [5, 5], [1, 4], [7, 2], [1, 5], [7, 3], [1, 6], [7, 4], [0, 6], [7, 5], [1, 6], [6, 5], [1, 7], [5, 5], [2, 7], [7, 2], [3, 7], [7, 3], [4, 7], [7, 4], [4, 6], [6, 4], [3, 6], [6, 5], [2, 6], [6, 6], [2, 5]], "a_eggs_laid": [1, 1, 1, 1, 2, 2, 2, 2, 3, 3, 3, 3, 3, 3, 4, 4, 4, 4, 5, 5, 5, 5, 5, 5, 6, 6, 6, 6, 7, 7, 7, 7, 7, 7, 7, 7, 8, 8, 8, 8, 9, 9, 9, 9, 9, 9, 9, 9, 10, 10, 10, 10, 11, 11, 11, 11, 11, 11, 11, 11, 11, 11, 11, 11, 12, 12, 12, 12, 12, 12, 12, 12, 12, 12, 12, 12, 12, 12, 12, 12], "b_eggs_laid": [0, 0, 0, 0, 0, 0, 0, 0, 0, 4, 4, 4, 4, 4, 4, 4, 4, 4, 4, 8, 8, 8, 8, 8, 8, 8, 8, 8, 8, 8, 8, 12, 12, 12, 12, 12, 12, 12, 12, 12, 12, 12, 12, 12, 12, 12, 12, 12, 12, 12, 12, 12, 12, 12, 12, 16, 16, 16, 16, 16, 16, 16, 16, 16, 16, 16, 16, 20, 20, 21, 21, 21, 21, 21, 21, 21, 21, 22, 22, 22], "a_turds_left": [5, 5, 5, 5, 5, 5, 5, 5, 5, 5, 5, 5, 5, 5, 5, 5, 5, 5, 5, 5, 5, 5, 5, 5, 5, 5, 5, 5, 5, 5, 5, 5, 5, 5, 5, 5, 5, 5, 5, 5, 5, 5, 5, 5, 4, 4, 4, 4, 4, 4, 4, 4, 4, 4, 4, 4, 4, 4, 4, 4, 4, 4, 4, 4, 4, 4, 4, 4, 4, 4, 4, 4, 4, 4, 4, 4, 4, 4, 4, 4], "b_turds_left": [5, 5, 5, 5, 5, 5, 5, 4, 4, 3, 3, 3, 3, 2, 2, 1, 1, 1, 1, 1, 1, 1, 1, 0, 0, 0, 0, 0, 0, 0, 0, 0, 0, 0, 0, 0, 0, 0, 0, 0, 0, 0, 0, 0, 0, 0, 0, 0, 0, 0, 0, 0, 0, 0, 0, 0, 0, 0, 0, 0, 0, 0, 0, 0, 0, 0, 0, 0, 0, 0, 0, 0, 0, 0, 0, 0, 0, 0, 0, 0], "a_time_left": [359.97200700000394, 359.97200700000394, 359.9389699000021, 359.9389699000021, 359.8943269000083, 359.8943269000083, 359.8542279000103, 359.8542279000103, 359.81641350001155, 359.81641350001155, 359.7947724000114, 359.7947724000114, 359.76393390000885, 359.76393390000885, 359.7296920000081, 359.7296920000081, 359.70541650000814, 359.70541650000814, 359.6817387000119, 359.6817387000119, 359.67613590001565, 359.67613590001565, 359.66343090001465, 359.66343090001465, 359.6538777000096, 359.6538777000096, 359.6430257000102, 359.6430257000102, 359.6275911000048, 359.6275911000048, 359.6098445000098, 359.6098445000098, 359.6035932000086, 359.6035932000086, 359.5899666000114, 359.5899666000114, 359.5801366000087, 359.5801366000087, 359.56859280000936, 359.56859280000936, 359.5588320000097, 359.5588320000097, 359.55069880001247, 359.55069880001247, 359.5503271000125, 359.5503271000125, 359.5433067000122, 359.5433067000122, 359.5135213000103, 359.5135213000103, 359.5012642000147, 359.5012642000147, 359.47351480001817, 359.47351480001817, 359.4497658000182, 359.4497658000182, 359.4369817000188, 359.4369817000188, 359.4283108000236, 359.4283108000236, 359.42112260002614, 359.42112260002614, 359.41094560002966, 359.41094560002966, 359.390918900026, 359.390918900026, 359.3803301000298, 359.3803301000298, 359.37474070002645, 359.37474070002645, 359.36453030002303, 359.36453030002303, 359.35558030001994, 359.35558030001994, 359.34375080002064, 359.34375080002064, 359.3277602000235, 359.3277602000235, 359.326818800022, 359.326818800022], "b_time_left": [360, 358.4898269999976, 358.4898269999976, 356.9893385000032, 356.9893385000032, 355.48825780000334, 355.48825780000334, 353.9879915999991, 353.9879915999991, 352.48714779999864, 352.48714779999864, 350.98670179999317, 350.98670179999317, 349.4862482999961, 349.4862482999961, 347.9857495999968, 347.9857495999968, 346.4851529000007, 346.4851529000007, 344.984480900006, 344.984480900006, 343.4838965000017, 343.4838965000017, 341.98367580000195, 341.98367580000195, 340.4832963000008, 340.4832963000008, 338.98308689999976, 338.98308689999976, 337.4823593999972, 337.4823593999972, 335.9814494999955, 335.9814494999955, 334.4811353999903, 334.4811353999903, 332.9807505999852, 332.9807505999852, 331.4799714999899, 331.4799714999899, 329.97907919999125, 329.97907919999125, 328.47854679999, 328.47854679999, 326.9781474999909, 326.9781474999909, 325.4769707999876, 325.4769707999876, 323.9762942999878, 323.9762942999878, 322.47571989999415, 322.47571989999415, 320.97514349999983, 320.97514349999983, 319.4747369999968, 319.4747369999968, 317.9744828999974, 317.9744828999974, 316.47426289999567, 316.47426289999567, 314.9736249999987, 314.9736249999987, 313.4731343999956, 313.4731343999956, 311.97272859999794, 311.97272859999794, 310.47228229999746, 310.47228229999746, 308.97208800000226, 308.97208800000226, 307.4716281000001, 307.4716281000001, 305.97126219999336, 305.97126219999336, 304.47109899999487, 304.47109899999487, 302.97044520000054, 302.97044520000054, 301.4699388000008, 301.4699388000008, 299.96949779999704], "a_moves_left": [39, 39, 38, 38, 37, 37, 36, 36, 35, 35, 34, 34, 33, 33, 32, 32, 31, 31, 30, 30, 29, 29, 28, 28, 27, 27, 26, 26, 25, 25, 24, 24, 23, 23, 22, 22, 21, 21, 20, 20, 19, 19, 18, 18, 17, 17, 16, 16, 15, 15, 14, 14, 13, 13, 12, 12, 11, 11, 10, 10, 9, 9, 8, 8, 7, 7, 6, 6, 5, 5, 4, 4, 3, 3, 2, 2, 1, 1, 0, 0], "b_moves_left": [40, 39, 39, 38, 38, 37, 37, 36, 36, 35, 35, 34, 34, 33, 33, 32, 32, 31, 31, 30, 30, 29, 29, 28, 28, 27, 27, 26, 26, 25, 25, 24, 24, 23, 23, 22, 22, 21, 21, 20, 20, 19, 19, 18, 18, 17, 17, 16, 16, 15, 15, 14, 14, 13, 13, 12, 12, 11, 11, 10, 10, 9, 9, 8, 8, 7, 7, 6, 6, 5, 5, 4, 4, 3, 3, 2, 2, 1, 1, 0], "trapdoor_triggered": [0, 0, 0, 0, 0, 0, 0, 0, 1, 0, 0, 0, 0, 0, 0, 0, 0, 0, 1, 0, 0, 0, 0, 0, 0, 0, 0, 0, 0, 0, 1, 0, 0, 0, 0, 0, 0, 0, 0, 0, 0, 0, 0, 0, 0, 0, 0, 0, 0, 0, 0, 0, 0, 0, 1, 0, 0, 0, 0, 0, 0, 0, 0, 0, 0, 0, 1, 0, 0, 0, 0, 0, 0, 0, 0, 0, 0, 0, 0, 0], "left_behind": ["egg", "plain", "plain", "plain", "egg", "plain", "plain", "turd", "egg", "turd", "plain", "plain", "plain", "turd", "egg", "turd", "plain", "plain", "egg", "plain", "plain", "plain", "plain", "turd", "egg", "plain", "plain", "plain", "egg", "plain", "plain", "plain", "plain", "plain", "plain", "plain", "egg", "plain", "plain", "plain", "egg", "plain", "plain", "plain", "turd", "plain", "plain", "plain", "egg", "plain", "plain", "plain", "egg", "plain", "plain", "plain", "plain", "plain", "plain", "plain", "plain", "plain", "plain", "plain", "egg", "plain", "plain", "plain", "plain", "egg", "plain", "plain", "plain", "plain", "plain", "plain", "plain", "egg", "plain", "plain"], "errlog_a": "", "errlog_b": "", "start_time": 360, "start_moves": 40, "turn_count": 80, "result": 1, "reason": "EGGS_LAID", "trapdoors": [[5, 5], [4, 3]], "spawn_a": [7, 1], "spawn_b": [0, 1]}