{"pos": [[7, 6], [1, 5], [7, 7], [1, 4], [6, 7], [2, 4], [6, 6], [2, 5], [5, 6], [3, 5], [4, 6], [3, 6], [5, 6], [3, 5], [5, 5], [3, 4], [6, 5], [4, 4], [6, 4], [4, 3], [7, 4], [3, 3], [7, 3], [2, 3], [6, 3], [2, 2], [6, 2], [3, 2], [5, 2], [3, 1], [5, 1], [4, 1], [5, 2], [3, 1], [5, 3], [3, 0], [5, 4], [2, 0], [4, 4], [2, 1], [5, 4], [1, 1], [4, 4], [1, 2], [5, 4], [0, 2], [4, 4], [0, 3], [5, 4], [0, 2], [4, 4], [0, 1], [5, 4], [0, 0], [4, 4], [1, 0], [5, 4], [2, 0], [4, 4], [2, 1], [5, 4], [2, 2], [4, 4], [2, 3], [5, 4], [2, 4], [4, 4], [2, 5], [5, 4], [2, 6], [4, 4], [1, 6], [5, 4], [1, 7], [4, 4], [0, 7], [5, 4], [0, 6], [6, 4], [0, 7]], "a_eggs_laid": [1, 1, 1, 1, 4, 4, 4, 4, 5, 5, 5, 5, 6, 6, 6, 6, 7, 7, 7, 7, 8, 8, 8, 8, 9, 9, 9, 9, 10, 10, 10, 10, 11, 11, 11, 11, 12, 12, 12, 12, 12, 12, 12, 12, 12, 12, 12, 12, 12, 12, 12, 12, 12, 12, 12, 12, 12, 12, 12, 12, 12, 12, 12, 12, 12, 12, 12, 12, 12, 12, 12, 12, 12, 12, 12, 12, 12, 12, 12, 12], "b_eggs_laid": [0, 1, 1, 1, 1, 2, 2, 2, 2, 3, 3, 3, 3, 4, 4, 4, 4, 5, 5, 5, 5, 6, 6, 6, 6, 7, 7, 7, 7, 8, 8, 8, 8, 9, 9, 9, 9, 10, 10, 10, 10, 11, 11, 11, 11, 12, 12, 12, 12, 13, 13, 13, 13, 14, 14, 14, 14, 15, 15, 15, 15, 15, 15, 15, 15, 15, 15, 15, 15, 15, 15, 15, 15, 16, 16, 16, 16, 19, 19, 19], "a_turds_left": [5, 5, 5, 5, 5, 5, 5, 5, 5, 5, 4, 4, 4, 4, 4, 4, 4, 4, 4, 4, 4, 4, 4, 4, 4, 4, 4, 4, 4, 4, 4, 4, 4, 4, 3, 3, 3, 3, 3, 3, 3, 3, 3, 3, 3, 3, 3, 3, 3, 3, 3, 3, 3, 3, 3, 3, 3, 3, 3, 3, 3, 3, 3, 3, 3, 3, 3, 3, 3, 3, 3, 3, 3, 3, 3, 3, 3, 3, 3, 3], "b_turds_left": [5, 5, 5, 5, 5, 5, 5, 5, 5, 5, 5, 4, 4, 4, 4, 4, 4, 4, 4, 4, 4, 4, 4, 4, 4, 4, 4, 4, 4, 4, 4, 4, 4, 4, 4, 4, 4, 4, 4, 4, 4, 4, 4, 4, 4, 4, 4, 4, 4, 4, 4, 4, 4, 4, 4, 4, 4, 4, 4, 4, 4, 4, 4, 4, 4, 4, 4, 4, 4, 4, 4, 4, 4, 4, 4, 4, 4, 4, 4, 4], "a_time_left": [357.26500389992725, 357.26500389992725, 354.9175979999127, 354.9175979999127, 345.3295404998353, 345.3295404998353, 340.24032139987685, 340.24032139987685, 317.5548472998198, 317.5548472998198, 317.55367129982915, 317.55367129982915, 314.9015319998143, 314.9015319998143, 313.57997029973194, 313.57997029973194, 304.68433609965723, 304.68433609965723, 303.0379249997204, 303.0379249997204, 291.19918439968023, 291.19918439968023, 289.51040259969886, 289.51040259969886, 275.7165084996959, 275.7165084996959, 271.4192744997563, 271.4192744997563, 254.86943679966498, 254.86943679966498, 251.78694149968214, 251.78694149968214, 246.26536399975885, 246.26536399975885, 243.24740739970002, 243.24740739970002, 239.6963079997804, 239.6963079997804, 238.5552283998113, 238.5552283998113, 237.13285169983283, 237.13285169983283, 234.84813699987717, 234.84813699987717, 233.60519129992463, 233.60519129992463, 232.29187259986065, 232.29187259986065, 231.39088699989952, 231.39088699989952, 230.36808169994038, 230.36808169994038, 229.5176507999422, 229.5176507999422, 228.51217259990517, 228.51217259990517, 228.02559539990034, 228.02559539990034, 227.33466860000044, 227.33466860000044, 227.08593530009966, 227.08593530009966, 226.29068470012862, 226.29068470012862, 226.05641190009192, 226.05641190009192, 224.98906490008812, 224.98906490008812, 224.65056810015813, 224.65056810015813, 222.4003071001498, 222.4003071001498, 221.68691230006516, 221.68691230006516, 220.90059079998173, 220.90059079998173, 220.8765330000315, 220.8765330000315, 220.86828160006553, 220.86828160006553], "b_time_left": [360, 359.87171460001264, 359.87171460001264, 359.7431199999992, 359.7431199999992, 359.5550486999564, 359.5550486999564, 359.3614775999449, 359.3614775999449, 359.0720707998844, 359.0720707998844, 358.8810008999426, 358.8810008999426, 358.7696272999747, 358.7696272999747, 358.7005307000363, 358.7005307000363, 358.4951487000799, 358.4951487000799, 358.2820798001485, 358.2820798001485, 358.136485400144, 358.136485400144, 357.9642353000818, 357.9642353000818, 357.77962920011487, 357.77962920011487, 357.5419113000389, 357.5419113000389, 357.34992359997705, 357.34992359997705, 357.20239109999966, 357.20239109999966, 357.0863757999614, 357.0863757999614, 356.83135679992847, 356.83135679992847, 356.71005119988695, 356.71005119988695, 356.64372149994597, 356.64372149994597, 356.5495512998896, 356.5495512998896, 356.4072866998613, 356.4072866998613, 356.2977649999084, 356.2977649999084, 356.24059209995903, 356.24059209995903, 356.1708406000398, 356.1708406000398, 356.12707490008324, 356.12707490008324, 356.0755230000941, 356.0755230000941, 356.0263767000288, 356.0263767000288, 355.97513959999196, 355.97513959999196, 355.943040400045, 355.943040400045, 355.9115842001047, 355.9115842001047, 355.8574374001473, 355.8574374001473, 355.81764280004427, 355.81764280004427, 355.76545260008425, 355.76545260008425, 355.71293500007596, 355.71293500007596, 355.6271971000824, 355.6271971000824, 355.5202472000383, 355.5202472000383, 355.45896800013725, 355.45896800013725, 355.44324630021583, 355.44324630021583, 355.4406452002004], "a_moves_left": [39, 39, 38, 38, 37, 37, 36, 36, 35, 35, 34, 34, 33, 33, 32, 32, 31, 31, 30, 30, 29, 29, 28, 28, 27, 27, 26, 26, 25, 25, 24, 24, 23, 23, 22, 22, 21, 21, 20, 20, 19, 19, 18, 18, 17, 17, 16, 16, 15, 15, 14, 14, 13, 13, 12, 12, 11, 11, 10, 10, 9, 9, 8, 8, 7, 7, 6, 6, 5, 5, 4, 4, 3, 3, 2, 2, 1, 1, 0, 0], "b_moves_left": [40, 39, 39, 38, 38, 37, 37, 36, 36, 35, 35, 34, 34, 33, 33, 32, 32, 31, 31, 30, 30, 29, 29, 28, 28, 27, 27, 26, 26, 25, 25, 24, 24, 23, 23, 22, 22, 21, 21, 20, 20, 19, 19, 18, 18, 17, 17, 16, 16, 15, 15, 14, 14, 13, 13, 12, 12, 11, 11, 10, 10, 9, 9, 8, 8, 7, 7, 6, 6, 5, 5, 4, 4, 3, 3, 2, 2, 1, 1, 0], "trapdoor_triggered": [0, 0, 0, 0, 0, 0, 0, 0, 0, 0, 0, 0, 0, 0, 0, 0, 0, 0, 0, 0, 0, 0, 0, 0, 0, 0, 0, 0, 0, 0, 0, 0, 0, 0, 0, 0, 0, 0, 0, 0, 0, 0, 0, 0, 0, 0, 0, 0, 0, 0, 0, 0, 0, 0, 0, 0, 0, 0, 0, 0, 0, 0, 0, 0, 0, 0, 0, 0, 0, 0, 0, 0, 0, 0, 0, 0, 0, 0, 0, 0], "left_behind": ["egg", "egg", "plain", "plain", "egg", "egg", "plain", "plain", "egg", "egg", "turd", "turd", "egg", "egg", "plain", "plain", "egg", "egg", "plain", "plain", "egg", "egg", "plain", "plain", "egg", "egg", "plain", "plain", "egg", "egg", "plain", "plain", "egg", "egg", "turd", "plain", "egg", "egg", "plain", "plain", "plain", "egg", "plain", "plain", "plain", "egg", "plain", "plain", "plain", "egg", "plain", "plain", "plain", "egg", "plain", "plain", "plain", "egg", "plain", "plain", "plain", "plain", "plain", "plain", "plain", "plain", "plain", "plain", "plain", "plain", "plain", "plain", "plain", "egg", "plain", "plain", "plain", "egg", "plain", "plain"], "errlog_a": "", "errlog_b": "", "start_time": 360, "start_moves": 40, "turn_count": 80, "result": 1, "reason": "EGGS_LAID", "trapdoors": [[4, 2], [4, 5]], "spawn_a": [7, 5], "spawn_b": [0, 5]}