{"pos": [[6, 3], [1, 3], [6, 4], [1, 4], [5, 4], [2, 4], [6, 3], [2, 5], [5, 3], [3, 5], [4, 3], [3, 4], [4, 4], [3, 5], [6, 3], [4, 5], [6, 2], [5, 5], [5, 2], [5, 4], [4, 2], [1, 3], [3, 2], [2, 3], [3, 3], [1, 3], [3, 2], [1, 2], [3, 1], [0, 2], [4, 1], [0, 1], [5, 1], [1, 1], [4, 1], [1, 0], [4, 0], [2, 0], [5, 0], [2, 1], [6, 0], [1, 1], [7, 0], [1, 0], [7, 1], [1, 1], [6, 1], [1, 0], [5, 1], [1, 1], [4, 1], [1, 0], [4, 2], [1, 1], [4, 3], [1, 0], [4, 4], [1, 1], [7, 4], [1, 0], [7, 5], [1, 1], [6, 5], [1, 0], [5, 5], [1, 1], [6, 5], [1, 0], [6, 6], [1, 1], [5, 6], [1, 0], [4, 6], [1, 1], [5, 6], [1, 0], [5, 7], [1, 1], [4, 7], [1, 0]], "a_eggs_laid": [1, 1, 1, 1, 2, 2, 2, 2, 2, 2, 3, 3, 3, 3, 3, 3, 3, 3, 4, 4, 8, 8, 9, 9, 9, 9, 10, 10, 10, 10, 11, 11, 11, 11, 12, 12, 12, 12, 13, 13, 13, 13, 14, 14, 14, 14, 15, 15, 15, 15, 15, 15, 15, 15, 15, 15, 15, 15, 15, 15, 15, 15, 16, 16, 16, 16, 17, 17, 17, 17, 18, 18, 18, 18, 19, 19, 19, 19, 20, 20], "b_eggs_laid": [0, 1, 1, 1, 1, 6, 6, 6, 6, 7, 7, 7, 7, 12, 12, 12, 12, 13, 13, 13, 13, 13, 13, 13, 13, 14, 14, 14, 14, 15, 15, 15, 15, 16, 16, 16, 16, 17, 17, 17, 17, 18, 18, 18, 18, 18, 18, 18, 18, 18, 18, 18, 18, 18, 18, 18, 18, 22, 22, 22, 22, 22, 22, 22, 22, 22, 22, 22, 22, 22, 22, 22, 22, 22, 22, 22, 22, 22, 22, 22], "a_turds_left": [5, 5, 5, 5, 5, 5, 5, 5, 5, 5, 5, 5, 5, 5, 5, 5, 5, 5, 5, 5, 5, 5, 5, 5, 4, 4, 4, 4, 4, 4, 4, 4, 4, 4, 4, 4, 4, 4, 4, 4, 4, 4, 4, 4, 4, 4, 4, 4, 4, 4, 4, 4, 4, 4, 4, 4, 4, 4, 4, 4, 4, 4, 4, 4, 4, 4, 4, 4, 4, 4, 4, 4, 4, 4, 4, 4, 4, 4, 4, 4], "b_turds_left": [5, 5, 5, 5, 5, 5, 5, 5, 5, 5, 5, 4, 4, 4, 4, 4, 4, 4, 4, 4, 4, 4, 4, 3, 3, 3, 3, 3, 3, 3, 3, 3, 3, 3, 3, 3, 3, 3, 3, 3, 3, 3, 3, 3, 3, 3, 3, 3, 3, 3, 3, 3, 3, 3, 3, 3, 3, 3, 3, 3, 3, 3, 3, 3, 3, 3, 3, 3, 3, 3, 3, 3, 3, 3, 3, 3, 3, 3, 3, 3], "a_time_left": [359.92127479997, 359.92127479997, 359.7872510999441, 359.7872510999441, 359.60581479989924, 359.60581479989924, 359.50098199991044, 359.50098199991044, 359.35057479992975, 359.35057479992975, 359.2214399998775, 359.2214399998775, 359.1294738999568, 359.1294738999568, 359.0679337999318, 359.0679337999318, 358.9062863999279, 358.9062863999279, 358.7955137999961, 358.7955137999961, 358.68265469989274, 358.68265469989274, 358.5449016998755, 358.5449016998755, 358.49565709987655, 358.49565709987655, 358.45459079986904, 358.45459079986904, 358.40337489987724, 358.40337489987724, 358.2853282999713, 358.2853282999713, 358.14735789992847, 358.14735789992847, 358.041083100019, 358.041083100019, 357.9376021999633, 357.9376021999633, 357.8745289000217, 357.8745289000217, 357.8028145999415, 357.8028145999415, 357.75892329995986, 357.75892329995986, 357.7299082998652, 357.7299082998652, 357.6897128998535, 357.6897128998535, 357.6400373998331, 357.6400373998331, 357.6078616998857, 357.6078616998857, 357.5720292998012, 357.5720292998012, 357.5389817998512, 357.5389817998512, 357.5092257998185, 357.5092257998185, 357.47950919973664, 357.47950919973664, 357.4523621997796, 357.4523621997796, 357.4131791997934, 357.4131791997934, 357.3679956997512, 357.3679956997512, 357.3220561997732, 357.3220561997732, 357.28725269972347, 357.28725269972347, 357.2328872997314, 357.2328872997314, 357.1972248997772, 357.1972248997772, 357.1630113996798, 357.1630113996798, 357.1269066997338, 357.1269066997338, 357.12099889980163, 357.12099889980163], "b_time_left": [360, 359.9025426999433, 359.9025426999433, 359.737919999985, 359.737919999985, 359.6708933999762, 359.6708933999762, 359.58352189988364, 359.58352189988364, 359.4626229997957, 359.4626229997957, 359.4616827997379, 359.4616827997379, 359.37461249972694, 359.37461249972694, 359.2948457997991, 359.2948457997991, 359.0555098998593, 359.0555098998593, 358.8504028999014, 358.8504028999014, 358.67807319993153, 358.67807319993153, 358.6767216998851, 358.6767216998851, 358.6159716998227, 358.6159716998227, 358.5767885998357, 358.5767885998357, 358.4641407998279, 358.4641407998279, 358.36594489985146, 358.36594489985146, 358.287089399877, 358.287089399877, 358.2331412999192, 358.2331412999192, 358.1476287000114, 358.1476287000114, 358.0926804000046, 358.0926804000046, 358.03531649999786, 358.03531649999786, 357.99910050001927, 357.99910050001927, 357.94810529996175, 357.94810529996175, 357.91820089996327, 357.91820089996327, 357.89851389999967, 357.89851389999967, 357.8771968999645, 357.8771968999645, 357.85646489996, 357.85646489996, 357.8343770999927, 357.8343770999927, 357.8176759999478, 357.8176759999478, 357.79364749998786, 357.79364749998786, 357.7625074998941, 357.7625074998941, 357.7132613998838, 357.7132613998838, 357.6740285998676, 357.6740285998676, 357.6364959998755, 357.6364959998755, 357.5820966998581, 357.5820966998581, 357.5363372998545, 357.5363372998545, 357.50681779987644, 357.50681779987644, 357.4737301998539, 357.4737301998539, 357.46595579991117, 357.46595579991117, 357.4639513998991], "a_moves_left": [39, 39, 38, 38, 37, 37, 36, 36, 35, 35, 34, 34, 33, 33, 32, 32, 31, 31, 30, 30, 29, 29, 28, 28, 27, 27, 26, 26, 25, 25, 24, 24, 23, 23, 22, 22, 21, 21, 20, 20, 19, 19, 18, 18, 17, 17, 16, 16, 15, 15, 14, 14, 13, 13, 12, 12, 11, 11, 10, 10, 9, 9, 8, 8, 7, 7, 6, 6, 5, 5, 4, 4, 3, 3, 2, 2, 1, 1, 0, 0], "b_moves_left": [40, 39, 39, 38, 38, 37, 37, 36, 36, 35, 35, 34, 34, 33, 33, 32, 32, 31, 31, 30, 30, 29, 29, 28, 28, 27, 27, 26, 26, 25, 25, 24, 24, 23, 23, 22, 22, 21, 21, 20, 20, 19, 19, 18, 18, 17, 17, 16, 16, 15, 15, 14, 14, 13, 13, 12, 12, 11, 11, 10, 10, 9, 9, 8, 8, 7, 7, 6, 6, 5, 5, 4, 4, 3, 3, 2, 2, 1, 1, 0], "trapdoor_triggered": [0, 0, 0, 0, 1, 0, 0, 0, 0, 0, 0, 0, 1, 0, 0, 0, 0, 0, 0, 1, 0, 0, 0, 0, 0, 0, 0, 0, 0, 0, 0, 0, 0, 0, 0, 0, 0, 0, 0, 0, 0, 0, 0, 0, 0, 0, 0, 0, 0, 0, 0, 0, 0, 0, 0, 0, 1, 0, 0, 0, 0, 0, 0, 0, 0, 0, 0, 0, 0, 0, 0, 0, 0, 0, 0, 0, 0, 0, 0, 0], "left_behind": ["egg", "egg", "plain", "plain", "egg", "egg", "plain", "plain", "plain", "egg", "egg", "turd", "plain", "egg", "plain", "plain", "plain", "egg", "egg", "plain", "plain", "plain", "egg", "turd", "turd", "egg", "egg", "plain", "plain", "egg", "egg", "plain", "plain", "egg", "egg", "plain", "plain", "egg", "egg", "plain", "plain", "egg", "egg", "plain", "plain", "plain", "egg", "plain", "plain", "plain", "plain", "plain", "plain", "plain", "plain", "plain", "plain", "plain", "plain", "plain", "plain", "plain", "egg", "plain", "plain", "plain", "egg", "plain", "plain", "plain", "egg", "plain", "plain", "plain", "egg", "plain", "plain", "plain", "egg", "plain"], "errlog_a": "", "errlog_b": "", "start_time": 360, "start_moves": 40, "turn_count": 80, "result": 1, "reason": "EGGS_LAID", "trapdoors": [[4, 4], [5, 4]], "spawn_a": [7, 3], "spawn_b": [0, 3]}