{"pos": [[6, 1], [0, 0], [6, 2]], "a_eggs_laid": [1, 1, 1], "b_eggs_laid": [0, 0, 0], "a_turds_left": [5, 5, 5], "b_turds_left": [5, 4, 4], "a_time_left": [359.97285420000117, 359.97285420000117, 359.94835359999706], "b_time_left": [360, 358.48966810000275, 358.48966810000275], "a_moves_left": [39, 39, 38], "b_moves_left": [40, 39, 39], "trapdoor_triggered": [0, 0, 0], "left_behind": ["egg", "turd", "plain"], "errlog_a": "", "errlog_b": "Timeout", "start_time": 360, "start_moves": 40, "turn_count": 3, "result": 0, "reason": "CODE_CRASH", "trapdoors": [[5, 3], [4, 5]], "spawn_a": [7, 1], "spawn_b": [0, 1]}