{"pos": [[2, 1], [2, 6], [3, 1], [2, 7], [4, 1], [1, 7], [4, 2], [2, 7], [2, 1], [3, 7], [2, 2], [4, 7], [2, 3], [3, 7], [3, 3], [4, 7], [3, 4], [4, 6], [3, 5], [3, 6], [4, 5], [3, 7], [4, 4], [4, 7], [5, 4], [4, 6], [5, 5], [4, 7], [5, 6], [4, 6], [6, 6], [4, 7], [6, 5], [5, 7], [7, 5], [4, 7], [7, 4], [3, 7], [6, 4], [3, 6], [6, 3], [3, 7], [5, 3], [3, 6], [5, 2], [2, 6], [4, 2], [3, 6], [2, 1], [4, 6], [1, 1], [3, 6], [1, 2], [2, 6], [1, 3], [2, 7], [1, 4], [3, 7], [2, 4], [4, 7], [2, 5], [3, 7], [1, 5], [3, 6], [2, 5], [2, 6], [1, 5], [3, 6], [0, 5], [3, 7], [0, 4], [3, 6], [0, 5], [4, 6], [0, 6], [4, 7], [0, 5], [5, 7], [0, 6], [6, 7]], "a_eggs_laid": [1, 1, 1, 1, 2, 2, 2, 2, 2, 2, 2, 2, 3, 3, 3, 3, 4, 4, 4, 4, 5, 5, 5, 5, 6, 6, 6, 6, 6, 6, 6, 6, 7, 7, 7, 7, 8, 8, 8, 8, 9, 9, 9, 9, 10, 10, 10, 10, 10, 10, 10, 10, 11, 11, 11, 11, 12, 12, 12, 12, 13, 13, 13, 13, 13, 13, 13, 13, 13, 13, 13, 13, 14, 14, 14, 14, 15, 15, 15, 15], "b_eggs_laid": [0, 0, 0, 0, 0, 0, 0, 4, 4, 4, 4, 4, 4, 4, 4, 4, 4, 4, 4, 4, 4, 5, 5, 5, 5, 5, 5, 5, 5, 5, 5, 5, 5, 5, 5, 5, 5, 5, 5, 5, 5, 5, 5, 5, 5, 5, 5, 9, 9, 9, 9, 9, 9, 9, 9, 9, 9, 9, 9, 9, 9, 9, 9, 9, 9, 9, 9, 9, 9, 9, 9, 9, 9, 9, 9, 9, 9, 9, 9, 9], "a_turds_left": [5, 5, 5, 5, 5, 5, 5, 5, 5, 5, 5, 5, 5, 5, 5, 5, 5, 5, 4, 4, 4, 4, 4, 4, 4, 4, 3, 3, 2, 2, 2, 2, 2, 2, 2, 2, 2, 2, 2, 2, 2, 2, 2, 2, 2, 2, 2, 2, 2, 2, 2, 2, 2, 2, 2, 2, 2, 2, 2, 2, 2, 2, 2, 2, 1, 1, 1, 1, 1, 1, 1, 1, 1, 1, 1, 1, 1, 1, 1, 1], "b_turds_left": [5, 4, 4, 4, 4, 4, 4, 4, 4, 4, 4, 3, 3, 2, 2, 2, 2, 2, 2, 2, 2, 2, 2, 2, 2, 2, 2, 2, 2, 2, 2, 1, 1, 1, 1, 0, 0, 0, 0, 0, 0, 0, 0, 0, 0, 0, 0, 0, 0, 0, 0, 0, 0, 0, 0, 0, 0, 0, 0, 0, 0, 0, 0, 0, 0, 0, 0, 0, 0, 0, 0, 0, 0, 0, 0, 0, 0, 0, 0, 0], "a_time_left": [359.98011786500047, 359.98011786500047, 359.9314050190005, 359.9314050190005, 359.9015071770009, 359.9015071770009, 359.85917806400084, 359.85917806400084, 359.85022387900153, 359.85022387900153, 359.79035873900193, 359.79035873900193, 359.74208533800174, 359.74208533800174, 359.71138789900124, 359.71138789900124, 359.6754678040015, 359.6754678040015, 359.674623789002, 359.674623789002, 359.6493727190027, 359.6493727190027, 359.63365392900323, 359.63365392900323, 359.5933328220026, 359.5933328220026, 359.5930277660027, 359.5930277660027, 359.59265271000277, 359.59265271000277, 359.58686550800303, 359.58686550800303, 359.5748862770033, 359.5748862770033, 359.5465340300034, 359.5465340300034, 359.5321755410032, 359.5321755410032, 359.51315275600336, 359.51315275600336, 359.48496424500354, 359.48496424500354, 359.46806412500337, 359.46806412500337, 359.4352724670034, 359.4352724670034, 359.3937411870038, 359.3937411870038, 359.38528775500436, 359.38528775500436, 359.3699522590041, 359.3699522590041, 359.3560808090033, 359.3560808090033, 359.32420343500326, 359.32420343500326, 359.30502787500336, 359.30502787500336, 359.2844325940032, 359.2844325940032, 359.26344097400306, 359.26344097400306, 359.2522064310033, 359.2522064310033, 359.2515018740032, 359.2515018740032, 359.2472112470032, 359.2472112470032, 359.24326757100334, 359.24326757100334, 359.23051067300366, 359.23051067300366, 359.2217650970033, 359.2217650970033, 359.21467852200294, 359.21467852200294, 359.2036409980028, 359.2036409980028, 359.20263402500314, 359.20263402500314], "b_time_left": [360, 358.4987890099992, 358.4987890099992, 356.99810652699944, 356.99810652699944, 355.49751674099934, 355.49751674099934, 353.996792169999, 353.996792169999, 352.496240821999, 352.496240821999, 350.9958413559989, 350.9958413559989, 349.4953010099989, 349.4953010099989, 347.99489773999903, 347.99489773999903, 346.4945221879989, 346.4945221879989, 344.99416026499875, 344.99416026499875, 343.493717817998, 343.493717817998, 341.9933372289979, 341.9933372289979, 340.4931149119975, 340.4931149119975, 338.9926445999972, 338.9926445999972, 337.49218276199736, 337.49218276199736, 335.9916186199971, 335.9916186199971, 334.4912860059976, 334.4912860059976, 332.990741202997, 332.990741202997, 331.4902952739967, 331.4902952739967, 329.9897527949961, 329.9897527949961, 328.48894981899593, 328.48894981899593, 326.98861294099606, 326.98861294099606, 325.48809825499575, 325.48809825499575, 323.9876764879964, 323.9876764879964, 322.48723890499605, 322.48723890499605, 320.986878392996, 320.986878392996, 319.48633333799626, 319.48633333799626, 317.9858656849965, 317.9858656849965, 316.4852776459966, 316.4852776459966, 314.984766425996, 314.984766425996, 313.4842648219965, 313.4842648219965, 311.98373337299563, 311.98373337299563, 310.4832305649961, 310.4832305649961, 308.9826361169962, 308.9826361169962, 307.4821652579958, 307.4821652579958, 305.98158765699645, 305.98158765699645, 304.48123515399675, 304.48123515399675, 302.980688118997, 302.980688118997, 301.4801225389965, 301.4801225389965, 299.97969439999633], "a_moves_left": [39, 39, 38, 38, 37, 37, 36, 36, 35, 35, 34, 34, 33, 33, 32, 32, 31, 31, 30, 30, 29, 29, 28, 28, 27, 27, 26, 26, 25, 25, 24, 24, 23, 23, 22, 22, 21, 21, 20, 20, 19, 19, 18, 18, 17, 17, 16, 16, 15, 15, 14, 14, 13, 13, 12, 12, 11, 11, 10, 10, 9, 9, 8, 8, 7, 7, 6, 6, 5, 5, 4, 4, 3, 3, 2, 2, 1, 1, 0, 0], "b_moves_left": [40, 39, 39, 38, 38, 37, 37, 36, 36, 35, 35, 34, 34, 33, 33, 32, 32, 31, 31, 30, 30, 29, 29, 28, 28, 27, 27, 26, 26, 25, 25, 24, 24, 23, 23, 22, 22, 21, 21, 20, 20, 19, 19, 18, 18, 17, 17, 16, 16, 15, 15, 14, 14, 13, 13, 12, 12, 11, 11, 10, 10, 9, 9, 8, 8, 7, 7, 6, 6, 5, 5, 4, 4, 3, 3, 2, 2, 1, 1, 0], "trapdoor_triggered": [0, 0, 0, 0, 0, 0, 1, 0, 0, 0, 0, 0, 0, 0, 0, 0, 0, 0, 0, 0, 0, 0, 0, 0, 0, 0, 0, 0, 0, 0, 0, 0, 0, 0, 0, 0, 0, 0, 0, 0, 0, 0, 0, 0, 0, 0, 1, 0, 0, 0, 0, 0, 0, 0, 0, 0, 0, 0, 0, 0, 0, 0, 0, 0, 0, 0, 0, 0, 0, 0, 0, 0, 0, 0, 0, 0, 0, 0, 0, 0], "left_behind": ["egg", "turd", "plain", "plain", "egg", "plain", "plain", "plain", "plain", "plain", "plain", "turd", "egg", "turd", "plain", "plain", "egg", "plain", "turd", "plain", "egg", "egg", "plain", "plain", "egg", "plain", "turd", "plain", "turd", "plain", "plain", "turd", "egg", "plain", "plain", "turd", "egg", "plain", "plain", "plain", "egg", "plain", "plain", "plain", "egg", "plain", "plain", "plain", "plain", "plain", "plain", "plain", "egg", "plain", "plain", "plain", "egg", "plain", "plain", "plain", "egg", "plain", "plain", "plain", "turd", "plain", "plain", "plain", "plain", "plain", "plain", "plain", "egg", "plain", "plain", "plain", "egg", "plain", "plain", "plain"], "errlog_a": "", "errlog_b": "", "start_time": 360, "start_moves": 40, "turn_count": 80, "result": 0, "reason": "EGGS_LAID", "trapdoors": [[4, 2], [3, 2]], "spawn_a": [2, 0], "spawn_b": [2, 7]}