{"pos": [[6, 3], [1, 3], [6, 4], [1, 4], [5, 4], [2, 4], [5, 5], [3, 4], [4, 5], [4, 4], [4, 6], [4, 3], [3, 6], [1, 3], [3, 5], [2, 3], [6, 3], [3, 3], [5, 3], [4, 3], [4, 3], [1, 3], [6, 3], [1, 2], [6, 2], [2, 2], [5, 2], [3, 2], [4, 2], [3, 1], [4, 1], [2, 1], [3, 1], [2, 0], [4, 1], [3, 0], [5, 1], [4, 0], [5, 0], [3, 0], [6, 0], [2, 0], [7, 0], [1, 0], [7, 1], [0, 0], [6, 1], [0, 1], [5, 1], [1, 1], [5, 2], [2, 1], [4, 2], [2, 2], [4, 3], [3, 2], [7, 4], [3, 3], [7, 5], [4, 3], [6, 5], [0, 4], [6, 6], [0, 5], [5, 6], [1, 5], [5, 7], [2, 5], [4, 7], [1, 5], [3, 7], [1, 6], [2, 7], [2, 6], [1, 7], [2, 5], [0, 7], [2, 6], [0, 6], [1, 6]], "a_eggs_laid": [1, 1, 1, 1, 2, 2, 2, 2, 2, 2, 2, 2, 7, 7, 7, 7, 7, 7, 7, 7, 12, 12, 12, 12, 12, 12, 13, 13, 13, 13, 14, 14, 14, 14, 15, 15, 15, 15, 15, 15, 15, 15, 16, 16, 16, 16, 17, 17, 17, 17, 17, 17, 17, 17, 17, 17, 17, 17, 17, 17, 22, 22, 22, 22, 23, 23, 23, 23, 24, 24, 24, 24, 24, 24, 24, 24, 25, 25, 25, 25], "b_eggs_laid": [0, 1, 1, 1, 1, 2, 2, 2, 2, 3, 3, 3, 3, 3, 3, 7, 7, 8, 8, 8, 8, 12, 12, 12, 12, 13, 13, 13, 13, 14, 14, 14, 14, 15, 15, 15, 15, 15, 15, 15, 15, 15, 15, 15, 15, 16, 16, 16, 16, 17, 17, 17, 17, 17, 17, 21, 21, 21, 21, 21, 21, 21, 21, 21, 21, 22, 22, 22, 22, 23, 23, 23, 23, 24, 24, 24, 24, 24, 24, 24], "a_turds_left": [5, 5, 5, 5, 5, 5, 5, 5, 4, 4, 4, 4, 4, 4, 4, 4, 4, 4, 4, 4, 4, 4, 4, 4, 4, 4, 4, 4, 4, 4, 4, 4, 4, 4, 4, 4, 4, 4, 3, 3, 3, 3, 3, 3, 3, 3, 3, 3, 3, 3, 3, 3, 3, 3, 3, 3, 3, 3, 3, 3, 3, 3, 3, 3, 3, 3, 3, 3, 3, 3, 3, 3, 2, 2, 2, 2, 2, 2, 1, 1], "b_turds_left": [5, 5, 5, 5, 5, 5, 5, 5, 5, 5, 5, 5, 5, 5, 5, 5, 5, 5, 5, 5, 5, 5, 5, 5, 5, 5, 5, 5, 5, 5, 5, 5, 5, 5, 5, 4, 4, 3, 3, 3, 3, 3, 3, 3, 3, 3, 3, 3, 3, 3, 3, 3, 3, 3, 3, 3, 3, 3, 3, 3, 3, 3, 3, 3, 3, 3, 3, 3, 3, 3, 3, 3, 3, 3, 3, 2, 2, 2, 2, 2], "a_time_left": [359.9102286999114, 359.9102286999114, 359.78479509986937, 359.78479509986937, 359.5577109998558, 359.5577109998558, 359.4299575998448, 359.4299575998448, 359.42901079985313, 359.42901079985313, 359.3858262998983, 359.3858262998983, 359.2948837998556, 359.2948837998556, 359.1492285998538, 359.1492285998538, 358.9720338998595, 358.9720338998595, 358.88884399982635, 358.88884399982635, 358.8094533998519, 358.8094533998519, 358.74927429982927, 358.74927429982927, 358.595645899768, 358.595645899768, 358.5226523997262, 358.5226523997262, 358.4560619996628, 358.4560619996628, 358.4007205996895, 358.4007205996895, 358.3522115997039, 358.3522115997039, 358.3076965997461, 358.3076965997461, 358.2712990997825, 358.2712990997825, 358.1993311998667, 358.1993311998667, 358.18330199993216, 358.18330199993216, 358.13251889985986, 358.13251889985986, 358.0577031999128, 358.0577031999128, 358.0127325998619, 358.0127325998619, 357.974985199864, 357.974985199864, 357.94487219979055, 357.94487219979055, 357.92193009972107, 357.92193009972107, 357.90047039976344, 357.90047039976344, 357.8774352996843, 357.8774352996843, 357.8077475996688, 357.8077475996688, 357.74784249963704, 357.74784249963704, 357.6995505995583, 357.6995505995583, 357.5702075995505, 357.5702075995505, 357.51133629947435, 357.51133629947435, 357.4198062994983, 357.4198062994983, 357.3729944995139, 357.3729944995139, 357.3717625994468, 357.3717625994468, 357.3589357994497, 357.3589357994497, 357.3394117994467, 357.3394117994467, 357.3358718995005, 357.3358718995005], "b_time_left": [360, 359.89076199999545, 359.89076199999545, 359.69740699999966, 359.69740699999966, 359.5901991999708, 359.5901991999708, 359.4464459998999, 359.4464459998999, 359.35237119998783, 359.35237119998783, 359.2523069999879, 359.2523069999879, 359.2039179999847, 359.2039179999847, 359.134368399973, 359.134368399973, 359.0232014999492, 359.0232014999492, 358.9506535999244, 358.9506535999244, 358.91385219991207, 358.91385219991207, 358.8062607998727, 358.8062607998727, 358.6675014998764, 358.6675014998764, 358.5778172998689, 358.5778172998689, 358.4833573999349, 358.4833573999349, 358.4340345999226, 358.4340345999226, 358.38618249993306, 358.38618249993306, 358.38461949990597, 358.38461949990597, 358.3830124998931, 358.3830124998931, 358.3759072999237, 358.3759072999237, 358.34195969998837, 358.34195969998837, 358.2999387999298, 358.2999387999298, 358.19776329991873, 358.19776329991873, 358.14356219989713, 358.14356219989713, 358.0879852998769, 358.0879852998769, 358.0604117999319, 358.0604117999319, 358.02787659992464, 358.02787659992464, 358.0066341998754, 358.0066341998754, 357.9727268998977, 357.9727268998977, 357.90441489988007, 357.90441489988007, 357.85374319995753, 357.85374319995753, 357.776359600015, 357.776359600015, 357.72828569996636, 357.72828569996636, 357.6753212000476, 357.6753212000476, 357.57861210010014, 357.57861210010014, 357.50750630011316, 357.50750630011316, 357.45163640007377, 357.45163640007377, 357.4152542001102, 357.4152542001102, 357.4070472001331, 357.4070472001331, 357.4054462001659], "a_moves_left": [39, 39, 38, 38, 37, 37, 36, 36, 35, 35, 34, 34, 33, 33, 32, 32, 31, 31, 30, 30, 29, 29, 28, 28, 27, 27, 26, 26, 25, 25, 24, 24, 23, 23, 22, 22, 21, 21, 20, 20, 19, 19, 18, 18, 17, 17, 16, 16, 15, 15, 14, 14, 13, 13, 12, 12, 11, 11, 10, 10, 9, 9, 8, 8, 7, 7, 6, 6, 5, 5, 4, 4, 3, 3, 2, 2, 1, 1, 0, 0], "b_moves_left": [40, 39, 39, 38, 38, 37, 37, 36, 36, 35, 35, 34, 34, 33, 33, 32, 32, 31, 31, 30, 30, 29, 29, 28, 28, 27, 27, 26, 26, 25, 25, 24, 24, 23, 23, 22, 22, 21, 21, 20, 20, 19, 19, 18, 18, 17, 17, 16, 16, 15, 15, 14, 14, 13, 13, 12, 12, 11, 11, 10, 10, 9, 9, 8, 8, 7, 7, 6, 6, 5, 5, 4, 4, 3, 3, 2, 2, 1, 1, 0], "trapdoor_triggered": [0, 0, 0, 0, 0, 0, 0, 0, 0, 0, 0, 1, 0, 0, 1, 0, 0, 0, 0, 1, 1, 0, 0, 0, 0, 0, 0, 0, 0, 0, 0, 0, 0, 0, 0, 0, 0, 0, 0, 0, 0, 0, 0, 0, 0, 0, 0, 0, 0, 0, 0, 0, 0, 0, 1, 0, 0, 0, 0, 1, 0, 0, 0, 0, 0, 0, 0, 0, 0, 0, 0, 0, 0, 0, 0, 0, 0, 0, 0, 0], "left_behind": ["egg", "egg", "plain", "plain", "egg", "egg", "plain", "plain", "turd", "egg", "plain", "plain", "egg", "plain", "plain", "plain", "plain", "egg", "plain", "plain", "egg", "plain", "plain", "plain", "plain", "egg", "egg", "plain", "plain", "egg", "egg", "plain", "plain", "egg", "egg", "turd", "plain", "turd", "turd", "plain", "plain", "plain", "egg", "plain", "plain", "egg", "egg", "plain", "plain", "egg", "plain", "plain", "plain", "plain", "plain", "plain", "plain", "plain", "plain", "plain", "egg", "plain", "plain", "plain", "egg", "egg", "plain", "plain", "egg", "egg", "plain", "plain", "turd", "egg", "plain", "turd", "egg", "plain", "turd", "plain"], "errlog_a": "", "errlog_b": "", "start_time": 360, "start_moves": 40, "turn_count": 80, "result": 0, "reason": "EGGS_LAID", "trapdoors": [[3, 5], [4, 3]], "spawn_a": [7, 3], "spawn_b": [0, 3]}