{"pos": [[6, 3], [1, 3], [6, 4], [1, 4], [5, 4], [2, 4], [5, 5], [3, 4], [4, 5], [4, 4], [4, 6], [4, 3], [3, 6], [5, 3], [3, 5], [5, 2], [2, 5], [0, 2], [2, 6], [1, 2], [1, 6], [2, 2], [1, 5], [1, 3], [0, 5], [2, 3], [0, 6], [3, 3], [0, 7], [3, 2], [1, 7], [4, 2], [2, 7], [5, 2], [3, 7], [0, 2], [4, 7], [0, 1], [5, 7], [1, 1], [6, 7], [2, 1], [7, 7], [3, 1], [6, 7], [4, 1], [6, 6], [5, 1], [7, 6], [5, 2], [7, 5], [1, 3], [6, 5], [2, 3], [6, 4], [3, 3], [6, 3], [4, 3], [5, 3], [4, 2], [5, 2], [5, 2], [7, 2], [1, 3], [6, 2], [2, 3], [5, 2], [3, 3], [7, 2], [4, 3], [7, 1], [4, 2], [6, 1], [5, 2], [6, 0], [1, 3], [5, 0], [2, 3], [5, 1], [3, 3]], "a_eggs_laid": [1, 1, 1, 1, 2, 2, 2, 2, 2, 2, 2, 2, 3, 3, 3, 3, 8, 8, 8, 8, 9, 9, 13, 13, 14, 14, 14, 14, 15, 15, 15, 15, 16, 16, 20, 20, 21, 21, 21, 21, 22, 22, 22, 22, 25, 25, 25, 25, 26, 26, 30, 30, 31, 31, 31, 31, 31, 31, 31, 31, 32, 32, 36, 36, 36, 36, 37, 37, 37, 37, 37, 37, 38, 38, 42, 42, 43, 43, 43, 43], "b_eggs_laid": [0, 1, 1, 1, 1, 2, 2, 2, 2, 3, 3, 3, 3, 4, 4, 4, 4, 4, 4, 4, 4, 5, 5, 5, 5, 5, 5, 6, 6, 6, 6, 7, 7, 7, 7, 7, 7, 7, 7, 8, 8, 8, 8, 9, 9, 9, 9, 10, 10, 10, 10, 10, 10, 10, 10, 10, 10, 10, 10, 10, 10, 14, 14, 14, 14, 14, 14, 18, 18, 18, 18, 18, 18, 18, 18, 18, 18, 18, 18, 18], "a_turds_left": [5, 5, 5, 5, 5, 5, 5, 5, 4, 4, 4, 4, 4, 4, 4, 4, 4, 4, 4, 4, 4, 4, 4, 4, 4, 4, 4, 4, 4, 4, 4, 4, 4, 4, 4, 4, 4, 4, 4, 4, 4, 4, 4, 4, 4, 4, 4, 4, 4, 4, 4, 4, 4, 4, 4, 4, 4, 4, 4, 4, 4, 4, 4, 4, 4, 4, 4, 4, 4, 4, 4, 4, 4, 4, 4, 4, 4, 4, 4, 4], "b_turds_left": [5, 5, 5, 5, 5, 5, 5, 5, 5, 5, 5, 5, 5, 5, 5, 5, 5, 5, 5, 5, 5, 5, 5, 5, 5, 5, 5, 5, 5, 5, 5, 5, 5, 5, 5, 5, 5, 5, 5, 5, 5, 5, 5, 5, 5, 5, 5, 5, 5, 5, 5, 5, 5, 5, 5, 5, 5, 5, 5, 5, 5, 5, 5, 5, 5, 5, 5, 5, 5, 5, 5, 5, 5, 4, 4, 4, 4, 4, 4, 4], "a_time_left": [359.98002740000084, 359.98002740000084, 359.9384229999996, 359.9384229999996, 359.8930839999957, 359.8930839999957, 359.8559960999919, 359.8559960999919, 359.8555839999899, 359.8555839999899, 359.8438237999944, 359.8438237999944, 359.8065882999945, 359.8065882999945, 359.77466679999634, 359.77466679999634, 359.7531041999973, 359.7531041999973, 359.7243813000023, 359.7243813000023, 359.69464639999933, 359.69464639999933, 359.67927749999944, 359.67927749999944, 359.66288650000206, 359.66288650000206, 359.64706720000686, 359.64706720000686, 359.62300090000645, 359.62300090000645, 359.5772297000076, 359.5772297000076, 359.5447714000038, 359.5447714000038, 359.5332844000077, 359.5332844000077, 359.5147039000076, 359.5147039000076, 359.48887330000434, 359.48887330000434, 359.4477359000084, 359.4477359000084, 359.4110994000075, 359.4110994000075, 359.39431520000653, 359.39431520000653, 359.36116170000605, 359.36116170000605, 359.3216526000033, 359.3216526000033, 359.3066486000025, 359.3066486000025, 359.29310180000175, 359.29310180000175, 359.27873730000283, 359.27873730000283, 359.26982030000363, 359.26982030000363, 359.2542362000022, 359.2542362000022, 359.23066620000463, 359.23066620000463, 359.2208096000031, 359.2208096000031, 359.19804119999753, 359.19804119999753, 359.173618599998, 359.173618599998, 359.1663718999989, 359.1663718999989, 359.1583538999985, 359.1583538999985, 359.13542620000226, 359.13542620000226, 359.1205178999953, 359.1205178999953, 359.1047624999992, 359.1047624999992, 359.10382489999756, 359.10382489999756], "b_time_left": [360, 359.9693344000043, 359.9693344000043, 359.92097590000776, 359.92097590000776, 359.8914458000072, 359.8914458000072, 359.84302430001117, 359.84302430001117, 359.8226496000134, 359.8226496000134, 359.7874895000132, 359.7874895000132, 359.7588327000194, 359.7588327000194, 359.7149197000181, 359.7149197000181, 359.7032142000171, 359.7032142000171, 359.67475700001523, 359.67475700001523, 359.6519401000187, 359.6519401000187, 359.6273792000211, 359.6273792000211, 359.60668190002616, 359.60668190002616, 359.5796580000242, 359.5796580000242, 359.56242420001945, 359.56242420001945, 359.53984110002057, 359.53984110002057, 359.5219674000182, 359.5219674000182, 359.5054233000192, 359.5054233000192, 359.4927160000152, 359.4927160000152, 359.47453460002, 359.47453460002, 359.45660000001953, 359.45660000001953, 359.4365465000228, 359.4365465000228, 359.41775230001804, 359.41775230001804, 359.3889078000211, 359.3889078000211, 359.36149400001887, 359.36149400001887, 359.349222800025, 359.349222800025, 359.34091510002327, 359.34091510002327, 359.3308880000186, 359.3308880000186, 359.30253390002326, 359.30253390002326, 359.2845998000266, 359.2845998000266, 359.2692239000244, 359.2692239000244, 359.2428661000231, 359.2428661000231, 359.21572230002494, 359.21572230002494, 359.2080736000207, 359.2080736000207, 359.19931950001774, 359.19931950001774, 359.18940150001436, 359.18940150001436, 359.18906520001474, 359.18906520001474, 359.17585480001435, 359.17585480001435, 359.1730507000102, 359.1730507000102, 359.17264870001236], "a_moves_left": [39, 39, 38, 38, 37, 37, 36, 36, 35, 35, 34, 34, 33, 33, 32, 32, 31, 31, 30, 30, 29, 29, 28, 28, 27, 27, 26, 26, 25, 25, 24, 24, 23, 23, 22, 22, 21, 21, 20, 20, 19, 19, 18, 18, 17, 17, 16, 16, 15, 15, 14, 14, 13, 13, 12, 12, 11, 11, 10, 10, 9, 9, 8, 8, 7, 7, 6, 6, 5, 5, 4, 4, 3, 3, 2, 2, 1, 1, 0, 0], "b_moves_left": [40, 39, 39, 38, 38, 37, 37, 36, 36, 35, 35, 34, 34, 33, 33, 32, 32, 31, 31, 30, 30, 29, 29, 28, 28, 27, 27, 26, 26, 25, 25, 24, 24, 23, 23, 22, 22, 21, 21, 20, 20, 19, 19, 18, 18, 17, 17, 16, 16, 15, 15, 14, 14, 13, 13, 12, 12, 11, 11, 10, 10, 9, 9, 8, 8, 7, 7, 6, 6, 5, 5, 4, 4, 3, 3, 2, 2, 1, 1, 0], "trapdoor_triggered": [0, 0, 0, 0, 0, 0, 0, 0, 0, 0, 0, 0, 0, 0, 0, 1, 0, 0, 0, 0, 0, 1, 0, 0, 0, 0, 0, 0, 0, 0, 0, 0, 0, 1, 0, 0, 0, 0, 0, 0, 0, 0, 0, 0, 0, 0, 0, 0, 0, 1, 0, 0, 0, 0, 0, 0, 0, 0, 0, 0, 1, 1, 0, 0, 0, 0, 1, 0, 0, 0, 0, 0, 0, 1, 0, 0, 0, 0, 0, 0], "left_behind": ["egg", "egg", "plain", "plain", "egg", "egg", "plain", "plain", "turd", "egg", "plain", "plain", "egg", "egg", "plain", "plain", "egg", "plain", "plain", "plain", "egg", "egg", "plain", "plain", "egg", "plain", "plain", "egg", "egg", "plain", "plain", "egg", "egg", "plain", "plain", "plain", "egg", "plain", "plain", "egg", "egg", "plain", "plain", "egg", "egg", "plain", "plain", "egg", "egg", "plain", "plain", "plain", "egg", "plain", "plain", "plain", "plain", "plain", "plain", "plain", "egg", "plain", "plain", "plain", "plain", "plain", "egg", "plain", "plain", "plain", "plain", "plain", "egg", "turd", "plain", "plain", "egg", "plain", "plain", "plain"], "errlog_a": "", "errlog_b": "", "start_time": 360, "start_moves": 40, "turn_count": 80, "result": 0, "reason": "EGGS_LAID", "trapdoors": [[2, 2], [5, 2]], "spawn_a": [7, 3], "spawn_b": [0, 3]}