{"pos": [[6, 5], [1, 5], [6, 4], [1, 4], [5, 4], [2, 4], [5, 3], [3, 4], [4, 3], [4, 4], [4, 2], [4, 5], [4, 1], [4, 6], [3, 1], [5, 6], [2, 1], [4, 6], [2, 2], [4, 7], [1, 2], [3, 7], [1, 3], [3, 6], [1, 2], [2, 6], [0, 2], [1, 6], [0, 1], [1, 5], [0, 0], [1, 4], [1, 0], [2, 4], [1, 1], [2, 3], [1, 2], [2, 4], [2, 2], [3, 4], [2, 1], [3, 5], [2, 0], [4, 5], [3, 0], [3, 5], [4, 0], [3, 6], [5, 0], [2, 6], [5, 1], [2, 7], [6, 1], [2, 6], [6, 2], [1, 6], [7, 2], [1, 5], [7, 3], [1, 4], [7, 2], [2, 4], [7, 1], [3, 4], [7, 0], [3, 5], [6, 0], [4, 5], [5, 0], [3, 5], [4, 0], [3, 6], [4, 1], [2, 6], [4, 2], [1, 6], [4, 3], [1, 7], [4, 4], [0, 7]], "a_eggs_laid": [1, 1, 1, 1, 2, 2, 2, 2, 2, 2, 2, 2, 3, 3, 3, 3, 4, 4, 4, 4, 5, 5, 5, 5, 6, 6, 6, 6, 7, 7, 7, 7, 10, 10, 10, 10, 10, 10, 10, 10, 10, 10, 10, 10, 11, 11, 11, 11, 12, 12, 12, 12, 13, 13, 13, 13, 14, 14, 14, 14, 15, 15, 15, 15, 16, 16, 16, 16, 17, 17, 17, 17, 17, 17, 17, 17, 17, 17, 17, 17], "b_eggs_laid": [0, 1, 1, 1, 1, 2, 2, 2, 2, 3, 3, 3, 3, 4, 4, 4, 4, 5, 5, 5, 5, 6, 6, 6, 6, 7, 7, 7, 7, 8, 8, 8, 8, 8, 8, 8, 8, 9, 9, 9, 9, 9, 9, 9, 9, 9, 9, 9, 9, 9, 9, 9, 9, 10, 10, 10, 10, 10, 10, 10, 10, 10, 10, 10, 10, 10, 10, 10, 10, 10, 10, 10, 10, 10, 10, 10, 10, 10, 10, 10], "a_turds_left": [5, 5, 5, 5, 5, 5, 5, 5, 4, 4, 4, 4, 4, 4, 4, 4, 4, 4, 4, 4, 4, 4, 4, 4, 4, 4, 4, 4, 4, 4, 4, 4, 4, 4, 4, 4, 3, 3, 3, 3, 3, 3, 3, 3, 3, 3, 3, 3, 3, 3, 3, 3, 3, 3, 3, 3, 3, 3, 3, 3, 3, 3, 3, 3, 3, 3, 3, 3, 3, 3, 3, 3, 3, 3, 3, 3, 3, 3, 3, 3], "b_turds_left": [5, 5, 5, 5, 5, 5, 5, 5, 5, 5, 5, 5, 5, 5, 5, 5, 5, 5, 5, 5, 5, 5, 5, 5, 5, 5, 5, 5, 5, 5, 5, 4, 4, 4, 4, 3, 3, 3, 3, 3, 3, 3, 3, 2, 2, 2, 2, 2, 2, 2, 2, 2, 2, 2, 2, 1, 1, 1, 1, 1, 1, 1, 1, 1, 1, 1, 1, 1, 1, 1, 1, 1, 1, 1, 1, 1, 1, 1, 1, 1], "a_time_left": [359.4951510000974, 359.4951510000974, 358.8992026001215, 358.8992026001215, 357.98492890014313, 357.98492890014313, 357.47656760015525, 357.47656760015525, 357.47483540023677, 357.47483540023677, 357.3556823002873, 357.3556823002873, 356.7673863002565, 356.7673863002565, 356.24551240028813, 356.24551240028813, 355.6361305002356, 355.6361305002356, 355.16083690023515, 355.16083690023515, 354.6723196002422, 354.6723196002422, 354.08173190022353, 354.08173190022353, 353.56203780020587, 353.56203780020587, 352.5064993002452, 352.5064993002452, 351.8138915002346, 351.8138915002346, 351.52314220019616, 351.52314220019616, 351.3636945001781, 351.3636945001781, 350.9619233002886, 350.9619233002886, 350.95984570030123, 350.95984570030123, 350.7730674003251, 350.7730674003251, 350.6297733003739, 350.6297733003739, 350.29865320038516, 350.29865320038516, 350.10963320033625, 350.10963320033625, 349.85537480039056, 349.85537480039056, 349.6362615004182, 349.6362615004182, 349.3216066004243, 349.3216066004243, 348.4951307004085, 348.4951307004085, 347.98693220037967, 347.98693220037967, 347.6512404003879, 347.6512404003879, 347.41416010039393, 347.41416010039393, 347.21187100047246, 347.21187100047246, 347.06413520046044, 347.06413520046044, 346.83643560041673, 346.83643560041673, 346.70111420040485, 346.70111420040485, 346.366392800468, 346.366392800468, 346.22663600044325, 346.22663600044325, 346.0914941004012, 346.0914941004012, 345.85023960040417, 345.85023960040417, 345.70158170047216, 345.70158170047216, 345.68923580052797, 345.68923580052797], "b_time_left": [360, 359.74576789990533, 359.74576789990533, 359.38239319995046, 359.38239319995046, 359.19810139993206, 359.19810139993206, 358.9519057999132, 358.9519057999132, 358.6993425999535, 358.6993425999535, 358.54987009998877, 358.54987009998877, 358.40535260003526, 358.40535260003526, 358.1377002000809, 358.1377002000809, 357.819619200076, 357.819619200076, 357.634770500008, 357.634770500008, 357.4325601999881, 357.4325601999881, 357.1787914999295, 357.1787914999295, 356.95748779992573, 356.95748779992573, 356.6493374998681, 356.6493374998681, 356.36467609985266, 356.36467609985266, 356.2189975997899, 356.2189975997899, 356.02988789975643, 356.02988789975643, 355.7638717998052, 355.7638717998052, 355.60765509982593, 355.60765509982593, 355.5407158997841, 355.5407158997841, 355.43791509978473, 355.43791509978473, 355.21783679979853, 355.21783679979853, 355.14963619981427, 355.14963619981427, 355.03634519979823, 355.03634519979823, 354.7999498997815, 354.7999498997815, 354.6314607998356, 354.6314607998356, 354.36854229983874, 354.36854229983874, 354.103648299817, 354.103648299817, 353.99101269978564, 353.99101269978564, 353.86908329988364, 353.86908329988364, 353.7980694998987, 353.7980694998987, 353.7190290999133, 353.7190290999133, 353.64681539987214, 353.64681539987214, 353.5264231999172, 353.5264231999172, 353.4723801999353, 353.4723801999353, 353.3984691000078, 353.3984691000078, 353.28218730003573, 353.28218730003573, 353.1530755000422, 353.1530755000422, 353.1404515999602, 353.1404515999602, 353.137125399895], "a_moves_left": [39, 39, 38, 38, 37, 37, 36, 36, 35, 35, 34, 34, 33, 33, 32, 32, 31, 31, 30, 30, 29, 29, 28, 28, 27, 27, 26, 26, 25, 25, 24, 24, 23, 23, 22, 22, 21, 21, 20, 20, 19, 19, 18, 18, 17, 17, 16, 16, 15, 15, 14, 14, 13, 13, 12, 12, 11, 11, 10, 10, 9, 9, 8, 8, 7, 7, 6, 6, 5, 5, 4, 4, 3, 3, 2, 2, 1, 1, 0, 0], "b_moves_left": [40, 39, 39, 38, 38, 37, 37, 36, 36, 35, 35, 34, 34, 33, 33, 32, 32, 31, 31, 30, 30, 29, 29, 28, 28, 27, 27, 26, 26, 25, 25, 24, 24, 23, 23, 22, 22, 21, 21, 20, 20, 19, 19, 18, 18, 17, 17, 16, 16, 15, 15, 14, 14, 13, 13, 12, 12, 11, 11, 10, 10, 9, 9, 8, 8, 7, 7, 6, 6, 5, 5, 4, 4, 3, 3, 2, 2, 1, 1, 0], "trapdoor_triggered": [0, 0, 0, 0, 0, 0, 0, 0, 0, 0, 0, 0, 0, 0, 0, 0, 0, 0, 0, 0, 0, 0, 0, 0, 0, 0, 0, 0, 0, 0, 0, 0, 0, 0, 0, 0, 0, 0, 0, 0, 0, 0, 0, 0, 0, 0, 0, 0, 0, 0, 0, 0, 0, 0, 0, 0, 0, 0, 0, 0, 0, 0, 0, 0, 0, 0, 0, 0, 0, 0, 0, 0, 0, 0, 0, 0, 0, 0, 0, 0], "left_behind": ["egg", "egg", "plain", "plain", "egg", "egg", "plain", "plain", "turd", "egg", "plain", "plain", "egg", "egg", "plain", "plain", "egg", "egg", "plain", "plain", "egg", "egg", "plain", "plain", "egg", "egg", "plain", "plain", "egg", "egg", "plain", "turd", "egg", "plain", "plain", "turd", "turd", "egg", "plain", "plain", "plain", "plain", "plain", "turd", "egg", "plain", "plain", "plain", "egg", "plain", "plain", "plain", "egg", "egg", "plain", "turd", "egg", "plain", "plain", "plain", "egg", "plain", "plain", "plain", "egg", "plain", "plain", "plain", "egg", "plain", "plain", "plain", "plain", "plain", "plain", "plain", "plain", "plain", "plain", "plain"], "errlog_a": "", "errlog_b": "", "start_time": 360, "start_moves": 40, "turn_count": 80, "result": 0, "reason": "EGGS_LAID", "trapdoors": [[5, 5], [2, 5]], "spawn_a": [7, 5], "spawn_b": [0, 5]}