{"pos": [[4, 1], [4, 6], [5, 1], [5, 6], [5, 2], [5, 5], [4, 2], [4, 5], [4, 1], [5, 5], [3, 1], [5, 4], [3, 2], [4, 4], [3, 0], [3, 4], [2, 0], [3, 3], [2, 1], [3, 7], [2, 2], [3, 6], [2, 3], [2, 6], [3, 3], [2, 5], [5, 0], [2, 4], [6, 0], [1, 4], [6, 1], [1, 5], [6, 2], [0, 5], [6, 3], [1, 5], [5, 3], [1, 6], [4, 3], [2, 6], [3, 3], [2, 7], [4, 1], [2, 6], [4, 2], [2, 5], [4, 3], [2, 4], [3, 3], [2, 3], [4, 1], [1, 3], [4, 2], [1, 2], [4, 3], [0, 2], [3, 3], [0, 3], [4, 1], [0, 2], [4, 2], [0, 1], [4, 3], [0, 0], [3, 3], [1, 0], [4, 1], [1, 1], [4, 2], [2, 1], [4, 3], [1, 1], [3, 3], [1, 2], [4, 1], [1, 3], [4, 2], [1, 2], [4, 3], [1, 1]], "a_eggs_laid": [1, 1, 1, 1, 2, 2, 2, 2, 3, 3, 3, 3, 4, 4, 4, 4, 4, 4, 9, 9, 9, 9, 10, 10, 10, 10, 10, 10, 10, 10, 11, 11, 11, 11, 12, 12, 12, 12, 13, 13, 13, 13, 13, 13, 13, 13, 13, 13, 13, 13, 13, 13, 13, 13, 13, 13, 13, 13, 13, 13, 13, 13, 13, 13, 13, 13, 13, 13, 13, 13, 13, 13, 13, 13, 13, 13, 13, 13, 13, 13], "b_eggs_laid": [0, 1, 1, 1, 1, 2, 2, 2, 2, 3, 3, 3, 3, 8, 8, 8, 8, 9, 9, 9, 9, 9, 9, 10, 10, 14, 14, 15, 15, 15, 15, 16, 16, 16, 16, 17, 17, 17, 17, 18, 18, 22, 22, 23, 23, 23, 23, 23, 23, 27, 27, 28, 28, 28, 28, 29, 29, 33, 33, 34, 34, 34, 34, 35, 35, 39, 39, 40, 40, 40, 40, 41, 41, 45, 45, 45, 45, 45, 45, 45], "a_turds_left": [5, 5, 5, 5, 5, 5, 5, 5, 5, 5, 5, 5, 5, 5, 5, 5, 5, 5, 5, 5, 5, 5, 5, 5, 5, 5, 5, 5, 5, 5, 5, 5, 5, 5, 5, 5, 5, 5, 5, 5, 5, 5, 5, 5, 5, 5, 5, 5, 4, 4, 4, 4, 4, 4, 4, 4, 4, 4, 4, 4, 4, 4, 4, 4, 4, 4, 4, 4, 4, 4, 4, 4, 4, 4, 4, 4, 4, 4, 4, 4], "b_turds_left": [5, 5, 5, 5, 5, 5, 5, 5, 5, 5, 5, 5, 5, 5, 5, 5, 5, 5, 5, 5, 5, 5, 5, 5, 5, 5, 5, 5, 5, 5, 5, 5, 5, 5, 5, 5, 5, 5, 5, 5, 5, 5, 5, 5, 5, 5, 5, 5, 5, 5, 5, 5, 5, 5, 5, 5, 5, 5, 5, 5, 5, 5, 5, 5, 5, 5, 5, 5, 5, 5, 5, 5, 5, 5, 5, 5, 5, 5, 5, 5], "a_time_left": [359.88521489989944, 359.88521489989944, 359.59583209990524, 359.59583209990524, 359.45137299981434, 359.45137299981434, 359.2194688997697, 359.2194688997697, 359.1236793997232, 359.1236793997232, 358.9850324996514, 358.9850324996514, 358.71939919970464, 358.71939919970464, 358.65567019965965, 358.65567019965965, 358.51936379959807, 358.51936379959807, 358.4794116995763, 358.4794116995763, 358.37257509958, 358.37257509958, 358.26364859961905, 358.26364859961905, 358.1842509995913, 358.1842509995913, 358.07807169959415, 358.07807169959415, 357.9016235995805, 357.9016235995805, 357.82469709962606, 357.82469709962606, 357.7248156996211, 357.7248156996211, 357.640941099613, 357.640941099613, 357.55658289964776, 357.55658289964776, 357.4409872996621, 357.4409872996621, 357.391926799668, 357.391926799668, 357.32177099969704, 357.32177099969704, 357.2753620997537, 357.2753620997537, 357.22037429967895, 357.22037429967895, 357.21929259970784, 357.21929259970784, 357.1522312996676, 357.1522312996676, 357.11478089971934, 357.11478089971934, 357.0748007997172, 357.0748007997172, 357.0407135997666, 357.0407135997666, 356.98255909979343, 356.98255909979343, 356.93599139980506, 356.93599139980506, 356.896759799798, 356.896759799798, 356.87181489984505, 356.87181489984505, 356.831450099824, 356.831450099824, 356.80234449985437, 356.80234449985437, 356.7693912999239, 356.7693912999239, 356.49111799988896, 356.49111799988896, 356.4500343998661, 356.4500343998661, 356.2641794999363, 356.2641794999363, 356.2523420000216, 356.2523420000216], "b_time_left": [360, 359.8564992999891, 359.8564992999891, 359.6718810000457, 359.6718810000457, 359.50946380000096, 359.50946380000096, 359.3305426998995, 359.3305426998995, 359.2193987999344, 359.2193987999344, 358.953897499945, 358.953897499945, 358.8749095998937, 358.8749095998937, 358.8021272998303, 358.8021272998303, 358.7058179999003, 358.7058179999003, 358.63050059997477, 358.63050059997477, 358.53462240006775, 358.53462240006775, 358.39482350007165, 358.39482350007165, 358.30557330010924, 358.30557330010924, 358.20338420011103, 358.20338420011103, 358.06006070016883, 358.06006070016883, 357.87731810007244, 357.87731810007244, 357.77299810014665, 357.77299810014665, 357.6704034000868, 357.6704034000868, 357.55574380012695, 357.55574380012695, 357.4533295001602, 357.4533295001602, 357.3895192001946, 357.3895192001946, 357.3445156002417, 357.3445156002417, 357.305257800268, 357.305257800268, 357.24472450022586, 357.24472450022586, 357.20311480015516, 357.20311480015516, 357.1598256001016, 357.1598256001016, 357.1062540001003, 357.1062540001003, 357.05387140007224, 357.05387140007224, 357.0004553999752, 357.0004553999752, 356.9572390000103, 356.9572390000103, 356.9327091999585, 356.9327091999585, 356.8963120999979, 356.8963120999979, 356.86342369997874, 356.86342369997874, 356.81409589992836, 356.81409589992836, 356.77633559994865, 356.77633559994865, 356.75733060005587, 356.75733060005587, 356.6262554000132, 356.6262554000132, 356.3718174000969, 356.3718174000969, 356.3616345000919, 356.3616345000919, 356.3605447000591], "a_moves_left": [39, 39, 38, 38, 37, 37, 36, 36, 35, 35, 34, 34, 33, 33, 32, 32, 31, 31, 30, 30, 29, 29, 28, 28, 27, 27, 26, 26, 25, 25, 24, 24, 23, 23, 22, 22, 21, 21, 20, 20, 19, 19, 18, 18, 17, 17, 16, 16, 15, 15, 14, 14, 13, 13, 12, 12, 11, 11, 10, 10, 9, 9, 8, 8, 7, 7, 6, 6, 5, 5, 4, 4, 3, 3, 2, 2, 1, 1, 0, 0], "b_moves_left": [40, 39, 39, 38, 38, 37, 37, 36, 36, 35, 35, 34, 34, 33, 33, 32, 32, 31, 31, 30, 30, 29, 29, 28, 28, 27, 27, 26, 26, 25, 25, 24, 24, 23, 23, 22, 22, 21, 21, 20, 20, 19, 19, 18, 18, 17, 17, 16, 16, 15, 15, 14, 14, 13, 13, 12, 12, 11, 11, 10, 10, 9, 9, 8, 8, 7, 7, 6, 6, 5, 5, 4, 4, 3, 3, 2, 2, 1, 1, 0], "trapdoor_triggered": [0, 0, 0, 0, 0, 0, 0, 0, 0, 0, 0, 0, 1, 0, 0, 0, 0, 1, 0, 0, 0, 0, 0, 0, 1, 0, 0, 0, 0, 0, 0, 0, 0, 0, 0, 0, 0, 0, 0, 0, 1, 0, 0, 0, 0, 0, 0, 0, 1, 0, 0, 0, 0, 0, 0, 0, 1, 0, 0, 0, 0, 0, 0, 0, 1, 0, 0, 0, 0, 0, 0, 0, 1, 0, 0, 0, 0, 0, 0, 0], "left_behind": ["egg", "egg", "plain", "plain", "egg", "egg", "plain", "plain", "egg", "egg", "plain", "plain", "egg", "egg", "plain", "plain", "plain", "egg", "egg", "plain", "plain", "plain", "egg", "egg", "plain", "plain", "plain", "egg", "plain", "plain", "egg", "egg", "plain", "plain", "egg", "egg", "plain", "plain", "egg", "egg", "plain", "plain", "plain", "egg", "plain", "plain", "plain", "plain", "turd", "plain", "plain", "egg", "plain", "plain", "plain", "egg", "plain", "plain", "plain", "egg", "plain", "plain", "plain", "egg", "plain", "plain", "plain", "egg", "plain", "plain", "plain", "egg", "plain", "plain", "plain", "plain", "plain", "plain", "plain", "plain"], "errlog_a": "", "errlog_b": "", "start_time": 360, "start_moves": 40, "turn_count": 80, "result": 1, "reason": "EGGS_LAID", "trapdoors": [[3, 3], [3, 2]], "spawn_a": [4, 0], "spawn_b": [4, 7]}