{"pos": [[1, 2], [6, 2], [1, 3], [6, 3], [1, 4], [6, 4], [2, 4], [7, 4], [3, 4], [6, 4], [3, 5], [6, 5], [3, 4], [6, 6], [2, 4], [5, 6], [2, 3], [5, 5], [3, 3], [7, 2], [3, 2], [7, 1], [0, 2], [7, 0], [1, 2], [6, 0], [2, 2], [6, 1], [3, 2], [5, 1], [3, 1], [5, 2], [4, 1], [5, 3], [4, 0], [4, 3], [3, 0], [5, 3], [2, 0], [5, 4], [1, 0], [5, 5], [0, 0], [6, 5], [0, 1], [7, 5], [1, 1], [7, 6], [2, 1], [7, 7], [2, 2], [6, 7], [3, 2], [5, 7], [3, 1], [4, 7], [4, 1], [3, 7], [5, 1], [3, 6], [4, 1], [2, 6], [4, 0], [2, 7], [4, 1], [1, 7], [4, 0], [0, 7], [4, 1], [0, 6], [4, 0], [1, 6], [4, 1], [1, 5], [4, 0], [2, 5], [4, 1], [1, 5], [3, 1], [0, 5]], "a_eggs_laid": [1, 1, 1, 1, 2, 2, 2, 2, 3, 3, 3, 3, 4, 4, 4, 4, 4, 4, 4, 4, 9, 9, 9, 9, 9, 9, 9, 9, 10, 10, 10, 10, 10, 10, 10, 10, 11, 11, 11, 11, 12, 12, 12, 12, 15, 15, 15, 15, 16, 16, 16, 16, 16, 16, 16, 16, 16, 16, 16, 16, 17, 17, 17, 17, 17, 17, 17, 17, 17, 17, 17, 17, 17, 17, 17, 17, 17, 17, 17, 17], "b_eggs_laid": [0, 1, 1, 1, 1, 2, 2, 2, 2, 3, 3, 3, 3, 4, 4, 4, 4, 5, 5, 5, 5, 5, 5, 9, 9, 12, 12, 12, 12, 13, 13, 13, 13, 14, 14, 14, 14, 15, 15, 15, 15, 16, 16, 16, 16, 16, 16, 16, 16, 17, 17, 17, 17, 18, 18, 18, 18, 19, 19, 19, 19, 20, 20, 20, 20, 21, 21, 21, 21, 24, 24, 24, 24, 25, 25, 25, 25, 26, 26, 26], "a_turds_left": [5, 5, 5, 5, 5, 5, 5, 5, 5, 5, 5, 5, 5, 5, 4, 4, 4, 4, 4, 4, 4, 4, 4, 4, 4, 4, 4, 4, 4, 4, 4, 4, 3, 3, 3, 3, 3, 3, 3, 3, 3, 3, 3, 3, 3, 3, 3, 3, 3, 3, 3, 3, 3, 3, 3, 3, 3, 3, 3, 3, 3, 3, 3, 3, 3, 3, 3, 3, 3, 3, 3, 3, 3, 3, 3, 3, 3, 3, 2, 2], "b_turds_left": [5, 5, 5, 5, 5, 5, 5, 5, 5, 5, 5, 4, 4, 4, 4, 4, 4, 4, 4, 4, 4, 4, 4, 4, 4, 4, 4, 4, 4, 4, 4, 4, 4, 4, 4, 4, 4, 4, 4, 4, 4, 4, 4, 3, 3, 3, 3, 3, 3, 3, 3, 3, 3, 3, 3, 3, 3, 3, 3, 3, 3, 3, 3, 3, 3, 3, 3, 3, 3, 3, 3, 3, 3, 3, 3, 3, 3, 3, 3, 3], "a_time_left": [359.52692530001514, 359.52692530001514, 358.89345949993003, 358.89345949993003, 357.78491009993013, 357.78491009993013, 356.8693353999406, 356.8693353999406, 356.11985819996335, 356.11985819996335, 355.61010339995846, 355.61010339995846, 354.7016382999718, 354.7016382999718, 354.15070070000365, 354.15070070000365, 353.85079970001243, 353.85079970001243, 353.43238979997113, 353.43238979997113, 353.3111267000204, 353.3111267000204, 352.95654290006496, 352.95654290006496, 352.82472830009647, 352.82472830009647, 352.42806290008593, 352.42806290008593, 351.5322285000002, 351.5322285000002, 351.18346580001526, 351.18346580001526, 351.18218429991975, 351.18218429991975, 351.01795759995, 351.01795759995, 350.75093470001593, 350.75093470001593, 350.58787420007866, 350.58787420007866, 350.15634540014435, 350.15634540014435, 350.03094330010936, 350.03094330010936, 349.9558719001943, 349.9558719001943, 349.8209840002237, 349.8209840002237, 349.3747227002168, 349.3747227002168, 349.2395137002459, 349.2395137002459, 349.0547176003456, 349.0547176003456, 348.90482160029933, 348.90482160029933, 348.71570680034347, 348.71570680034347, 348.48302240029443, 348.48302240029443, 348.11991290037986, 348.11991290037986, 347.8221136003267, 347.8221136003267, 347.6230350002879, 347.6230350002879, 347.46751040022355, 347.46751040022355, 347.312784200185, 347.312784200185, 347.11392460018396, 347.11392460018396, 346.76926960016135, 346.76926960016135, 346.56954840011895, 346.56954840011895, 346.43950480013154, 346.43950480013154, 346.43065190012567, 346.43065190012567], "b_time_left": [360, 359.7667286999058, 359.7667286999058, 359.48833749990445, 359.48833749990445, 359.2490713999141, 359.2490713999141, 358.8498473999789, 358.8498473999789, 358.6882748999633, 358.6882748999633, 358.4471243999433, 358.4471243999433, 358.31423429993447, 358.31423429993447, 358.18398949992843, 358.18398949992843, 357.9634266999783, 357.9634266999783, 357.81842649995815, 357.81842649995815, 357.63985069992486, 357.63985069992486, 357.5665720999241, 357.5665720999241, 357.478074499988, 357.478074499988, 357.24417620000895, 357.24417620000895, 357.0368533000583, 357.0368533000583, 356.8008930000942, 356.8008930000942, 356.6469615001697, 356.6469615001697, 356.4785069002537, 356.4785069002537, 356.38306750019547, 356.38306750019547, 356.27574040018953, 356.27574040018953, 356.1375918001868, 356.1375918001868, 356.0451706001768, 356.0451706001768, 355.96989510022104, 355.96989510022104, 355.8139252002584, 355.8139252002584, 355.7343446003506, 355.7343446003506, 355.6489484003978, 355.6489484003978, 355.5493920004228, 355.5493920004228, 355.5045040004188, 355.5045040004188, 355.40982720046304, 355.40982720046304, 355.2683884004364, 355.2683884004364, 355.0986439003609, 355.0986439003609, 354.9280838003615, 354.9280838003615, 354.7555615003221, 354.7555615003221, 354.6847594003193, 354.6847594003193, 354.6104005003581, 354.6104005003581, 354.50199820043053, 354.50199820043053, 354.2898293004837, 354.2898293004837, 354.1806232004892, 354.1806232004892, 354.1663198004244, 354.1663198004244, 354.16328330046963], "a_moves_left": [39, 39, 38, 38, 37, 37, 36, 36, 35, 35, 34, 34, 33, 33, 32, 32, 31, 31, 30, 30, 29, 29, 28, 28, 27, 27, 26, 26, 25, 25, 24, 24, 23, 23, 22, 22, 21, 21, 20, 20, 19, 19, 18, 18, 17, 17, 16, 16, 15, 15, 14, 14, 13, 13, 12, 12, 11, 11, 10, 10, 9, 9, 8, 8, 7, 7, 6, 6, 5, 5, 4, 4, 3, 3, 2, 2, 1, 1, 0, 0], "b_moves_left": [40, 39, 39, 38, 38, 37, 37, 36, 36, 35, 35, 34, 34, 33, 33, 32, 32, 31, 31, 30, 30, 29, 29, 28, 28, 27, 27, 26, 26, 25, 25, 24, 24, 23, 23, 22, 22, 21, 21, 20, 20, 19, 19, 18, 18, 17, 17, 16, 16, 15, 15, 14, 14, 13, 13, 12, 12, 11, 11, 10, 10, 9, 9, 8, 8, 7, 7, 6, 6, 5, 5, 4, 4, 3, 3, 2, 2, 1, 1, 0], "trapdoor_triggered": [0, 0, 0, 0, 0, 0, 0, 0, 0, 0, 0, 0, 0, 0, 0, 0, 0, 0, 0, 1, 0, 0, 1, 0, 0, 0, 0, 0, 0, 0, 0, 0, 0, 0, 0, 0, 0, 0, 0, 0, 0, 0, 0, 0, 0, 0, 0, 0, 0, 0, 0, 0, 0, 0, 0, 0, 0, 0, 0, 0, 0, 0, 0, 0, 0, 0, 0, 0, 0, 0, 0, 0, 0, 0, 0, 0, 0, 0, 0, 0], "left_behind": ["egg", "egg", "plain", "plain", "egg", "egg", "plain", "plain", "egg", "egg", "plain", "turd", "egg", "egg", "turd", "plain", "plain", "egg", "plain", "plain", "egg", "plain", "plain", "plain", "plain", "egg", "plain", "plain", "egg", "egg", "plain", "plain", "turd", "egg", "plain", "plain", "egg", "egg", "plain", "plain", "egg", "egg", "plain", "turd", "egg", "plain", "plain", "plain", "egg", "egg", "plain", "plain", "plain", "egg", "plain", "plain", "plain", "egg", "plain", "plain", "egg", "egg", "plain", "plain", "plain", "egg", "plain", "plain", "plain", "egg", "plain", "plain", "plain", "egg", "plain", "plain", "plain", "egg", "turd", "plain"], "errlog_a": "", "errlog_b": "", "start_time": 360, "start_moves": 40, "turn_count": 80, "result": 1, "reason": "EGGS_LAID", "trapdoors": [[4, 2], [4, 5]], "spawn_a": [0, 2], "spawn_b": [7, 2]}