{"pos": [[7, 2], [1, 1], [6, 2], [1, 2], [6, 3], [2, 2], [5, 3], [2, 3], [6, 3], [3, 3], [6, 4], [3, 4], [6, 5], [3, 5], [5, 5], [4, 5], [5, 6], [4, 6], [6, 6], [5, 6], [7, 6], [4, 6], [7, 7], [4, 7], [7, 6], [3, 7], [7, 5], [3, 6], [7, 4], [2, 6], [7, 3], [2, 5], [6, 3], [1, 5], [5, 3], [1, 4], [5, 2], [1, 5], [4, 2], [0, 5], [4, 1], [1, 5], [3, 1], [1, 6], [4, 1], [2, 6], [5, 1], [2, 7], [5, 0], [3, 7], [4, 0], [3, 6], [3, 0], [3, 5], [2, 0], [3, 4], [2, 1], [3, 3], [2, 2], [4, 3], [2, 1], [3, 3], [1, 1], [0, 1], [2, 1], [0, 2], [3, 1], [0, 3], [4, 1], [1, 3], [5, 1], [1, 4], [6, 1], [0, 1], [6, 0], [0, 2], [5, 0], [0, 3], [4, 0], [0, 4]], "a_eggs_laid": [1, 1, 1, 1, 2, 2, 2, 2, 3, 3, 3, 3, 4, 4, 4, 4, 5, 5, 5, 5, 6, 6, 6, 6, 9, 9, 9, 9, 10, 10, 10, 10, 11, 11, 11, 11, 11, 11, 11, 11, 12, 12, 12, 12, 13, 13, 13, 13, 14, 14, 14, 14, 15, 15, 15, 15, 16, 16, 16, 16, 17, 17, 17, 17, 22, 22, 22, 22, 22, 22, 22, 22, 22, 22, 26, 26, 27, 27, 27, 27], "b_eggs_laid": [0, 1, 1, 1, 1, 2, 2, 2, 2, 3, 3, 3, 3, 4, 4, 4, 4, 5, 5, 5, 5, 6, 6, 6, 6, 7, 7, 7, 7, 8, 8, 8, 8, 9, 9, 9, 9, 10, 10, 10, 10, 11, 11, 11, 11, 12, 12, 12, 12, 13, 13, 13, 13, 13, 13, 13, 13, 13, 13, 13, 13, 14, 14, 14, 14, 14, 14, 14, 14, 15, 15, 15, 15, 15, 15, 15, 15, 15, 15, 15], "a_turds_left": [5, 5, 5, 5, 5, 5, 5, 5, 5, 5, 5, 5, 5, 5, 5, 5, 5, 5, 5, 5, 5, 5, 5, 5, 5, 5, 5, 5, 5, 5, 5, 5, 5, 5, 5, 5, 5, 5, 5, 5, 5, 5, 5, 5, 5, 5, 5, 5, 5, 5, 5, 5, 5, 5, 5, 5, 5, 5, 4, 4, 4, 4, 4, 4, 4, 4, 4, 4, 4, 4, 4, 4, 4, 4, 4, 4, 4, 4, 4, 4], "b_turds_left": [5, 5, 5, 5, 5, 5, 5, 5, 5, 5, 5, 5, 5, 5, 5, 5, 5, 5, 5, 5, 5, 5, 5, 5, 5, 5, 5, 5, 5, 5, 5, 5, 5, 5, 5, 5, 5, 5, 5, 5, 5, 5, 5, 5, 5, 5, 5, 5, 5, 5, 5, 5, 5, 5, 5, 5, 5, 5, 5, 5, 5, 5, 5, 5, 5, 5, 5, 5, 5, 5, 5, 5, 5, 5, 5, 5, 5, 5, 5, 5], "a_time_left": [359.74321090010926, 359.74321090010926, 359.3165434000548, 359.3165434000548, 358.8180626000976, 358.8180626000976, 358.18724040011875, 358.18724040011875, 357.31178900017403, 357.31178900017403, 356.92780490021687, 356.92780490021687, 356.2212238003267, 356.2212238003267, 355.55693170032464, 355.55693170032464, 355.29025260033086, 355.29025260033086, 355.0383711003233, 355.0383711003233, 354.8529320002999, 354.8529320002999, 354.6974880003836, 354.6974880003836, 354.4891344003845, 354.4891344003845, 354.31135900039226, 354.31135900039226, 353.92389050044585, 353.92389050044585, 353.60363050037995, 353.60363050037995, 353.1387801003875, 353.1387801003875, 352.8766893004067, 352.8766893004067, 352.6518935003551, 352.6518935003551, 352.25989290035795, 352.25989290035795, 351.7214957003016, 351.7214957003016, 351.4868679003557, 351.4868679003557, 350.9124322003918, 350.9124322003918, 350.6160689004464, 350.6160689004464, 350.1876901003998, 350.1876901003998, 350.10802290041465, 350.10802290041465, 349.95174780045636, 349.95174780045636, 349.8632553004427, 349.8632553004427, 349.75783430051524, 349.75783430051524, 349.7560494004283, 349.7560494004283, 349.58259680040646, 349.58259680040646, 349.5149124003947, 349.5149124003947, 349.48407050035894, 349.48407050035894, 349.418563500396, 349.418563500396, 349.23458120040596, 349.23458120040596, 349.1481579004321, 349.1481579004321, 349.039783400367, 349.039783400367, 348.9741784003563, 348.9741784003563, 348.8722603004426, 348.8722603004426, 348.86630960041657, 348.86630960041657], "b_time_left": [360, 359.9009971000487, 359.9009971000487, 359.73331559996586, 359.73331559996586, 359.64515309990384, 359.64515309990384, 359.4364036999177, 359.4364036999177, 359.2640901999548, 359.2640901999548, 359.10210110002663, 359.10210110002663, 358.8784649000736, 358.8784649000736, 358.77571840013843, 358.77571840013843, 358.70083410013467, 358.70083410013467, 358.5949027001625, 358.5949027001625, 358.53892190020997, 358.53892190020997, 358.44675930019, 358.44675930019, 358.33333860023413, 358.33333860023413, 358.24599510023836, 358.24599510023836, 358.14555220026523, 358.14555220026523, 358.02760370017495, 358.02760370017495, 357.8890572001692, 357.8890572001692, 357.7586645000847, 357.7586645000847, 357.5713512999937, 357.5713512999937, 357.4394245999865, 357.4394245999865, 357.3377664000727, 357.3377664000727, 357.2191725000739, 357.2191725000739, 357.1183595000766, 357.1183595000766, 357.0051088001346, 357.0051088001346, 356.8860071002273, 356.8860071002273, 356.8215708002681, 356.8215708002681, 356.7757949002553, 356.7757949002553, 356.69713470025454, 356.69713470025454, 356.66726000024937, 356.66726000024937, 356.61397100018803, 356.61397100018803, 356.5528503000969, 356.5528503000969, 356.50954050011933, 356.50954050011933, 356.476642700145, 356.476642700145, 356.4330699001439, 356.4330699001439, 356.3657922002021, 356.3657922002021, 356.3214310001349, 356.3214310001349, 356.2678305001464, 356.2678305001464, 356.2351862001233, 356.2351862001233, 356.2303881001426, 356.2303881001426, 356.2287467001006], "a_moves_left": [39, 39, 38, 38, 37, 37, 36, 36, 35, 35, 34, 34, 33, 33, 32, 32, 31, 31, 30, 30, 29, 29, 28, 28, 27, 27, 26, 26, 25, 25, 24, 24, 23, 23, 22, 22, 21, 21, 20, 20, 19, 19, 18, 18, 17, 17, 16, 16, 15, 15, 14, 14, 13, 13, 12, 12, 11, 11, 10, 10, 9, 9, 8, 8, 7, 7, 6, 6, 5, 5, 4, 4, 3, 3, 2, 2, 1, 1, 0, 0], "b_moves_left": [40, 39, 39, 38, 38, 37, 37, 36, 36, 35, 35, 34, 34, 33, 33, 32, 32, 31, 31, 30, 30, 29, 29, 28, 28, 27, 27, 26, 26, 25, 25, 24, 24, 23, 23, 22, 22, 21, 21, 20, 20, 19, 19, 18, 18, 17, 17, 16, 16, 15, 15, 14, 14, 13, 13, 12, 12, 11, 11, 10, 10, 9, 9, 8, 8, 7, 7, 6, 6, 5, 5, 4, 4, 3, 3, 2, 2, 1, 1, 0], "trapdoor_triggered": [0, 0, 0, 0, 0, 0, 0, 0, 0, 0, 0, 0, 0, 0, 0, 0, 0, 0, 0, 0, 0, 0, 0, 0, 0, 0, 0, 0, 0, 0, 0, 0, 0, 0, 0, 0, 0, 0, 0, 0, 0, 0, 0, 0, 0, 0, 0, 0, 0, 0, 0, 0, 0, 0, 0, 0, 0, 0, 0, 0, 0, 0, 0, 1, 0, 0, 0, 0, 0, 0, 0, 0, 0, 1, 0, 0, 0, 0, 0, 0], "left_behind": ["egg", "egg", "plain", "plain", "egg", "egg", "plain", "plain", "egg", "egg", "plain", "plain", "egg", "egg", "plain", "plain", "egg", "egg", "plain", "plain", "egg", "egg", "plain", "plain", "egg", "egg", "plain", "plain", "egg", "egg", "plain", "plain", "egg", "egg", "plain", "plain", "plain", "egg", "plain", "plain", "egg", "egg", "plain", "plain", "egg", "egg", "plain", "plain", "egg", "egg", "plain", "plain", "egg", "plain", "plain", "plain", "egg", "plain", "turd", "plain", "egg", "egg", "plain", "plain", "egg", "plain", "plain", "plain", "plain", "egg", "plain", "plain", "plain", "plain", "plain", "plain", "egg", "plain", "plain", "plain"], "errlog_a": "", "errlog_b": "", "start_time": 360, "start_moves": 40, "turn_count": 80, "result": 0, "reason": "EGGS_LAID", "trapdoors": [[2, 4], [3, 2]], "spawn_a": [7, 1], "spawn_b": [0, 1]}