{"pos": [[7, 4], [1, 3], [6, 4], [1, 2], [5, 4], [1, 1], [5, 5], [1, 0], [4, 5], [2, 0], [4, 6], [1, 0], [4, 5], [2, 0], [3, 5], [3, 0], [4, 5], [4, 0], [4, 4], [5, 0], [4, 3], [5, 1], [5, 3], [5, 2], [4, 3], [0, 3], [3, 3], [1, 3], [3, 2], [1, 4], [3, 1], [1, 3], [4, 1], [1, 4], [4, 0], [1, 3], [4, 1], [1, 4], [5, 1], [1, 5], [5, 2], [1, 4], [6, 2], [1, 5], [5, 2], [1, 6], [5, 3], [1, 5], [5, 2], [0, 5], [5, 3], [0, 4], [4, 3], [0, 5], [4, 4], [0, 4], [4, 3], [1, 4], [3, 3], [1, 5], [3, 2], [1, 4], [3, 1], [1, 3], [4, 1], [1, 2], [5, 1], [1, 1], [4, 1], [1, 2], [4, 0], [1, 3], [4, 1], [1, 4], [4, 0], [1, 3], [4, 1], [1, 2], [4, 0], [1, 1]], "a_eggs_laid": [1, 1, 1, 1, 2, 2, 2, 2, 3, 3, 3, 3, 4, 4, 4, 4, 5, 5, 5, 5, 6, 6, 6, 6, 7, 7, 11, 11, 12, 12, 12, 12, 13, 13, 13, 13, 14, 14, 14, 14, 15, 15, 15, 15, 16, 16, 16, 16, 16, 16, 16, 16, 16, 16, 16, 16, 16, 16, 16, 16, 16, 16, 16, 16, 16, 16, 16, 16, 16, 16, 16, 16, 16, 16, 16, 16, 16, 16, 16, 16], "b_eggs_laid": [0, 0, 0, 0, 0, 0, 0, 0, 0, 0, 0, 0, 0, 0, 0, 0, 0, 0, 0, 0, 0, 0, 0, 0, 0, 0, 0, 0, 0, 0, 0, 0, 0, 0, 0, 0, 0, 0, 0, 0, 0, 0, 0, 0, 0, 0, 0, 0, 0, 0, 0, 0, 0, 0, 0, 0, 0, 0, 0, 0, 0, 0, 0, 0, 0, 0, 0, 0, 0, 0, 0, 0, 0, 0, 0, 0, 0, 0, 0, 0], "a_turds_left": [5, 5, 5, 5, 5, 5, 5, 5, 5, 5, 5, 5, 5, 5, 5, 5, 5, 5, 5, 5, 5, 5, 5, 5, 5, 5, 5, 5, 5, 5, 5, 5, 5, 5, 5, 5, 5, 5, 5, 5, 5, 5, 5, 5, 5, 5, 4, 4, 4, 4, 4, 4, 4, 4, 3, 3, 3, 3, 3, 3, 3, 3, 3, 3, 3, 3, 2, 2, 2, 2, 2, 2, 2, 2, 2, 2, 2, 2, 2, 2], "b_turds_left": [5, 4, 4, 3, 3, 2, 2, 1, 1, 1, 1, 1, 1, 1, 1, 1, 1, 1, 1, 1, 1, 1, 1, 1, 1, 1, 1, 1, 1, 1, 1, 1, 1, 1, 1, 1, 1, 1, 1, 1, 1, 1, 1, 1, 1, 1, 1, 1, 1, 1, 1, 1, 1, 1, 1, 1, 1, 1, 1, 0, 0, 0, 0, 0, 0, 0, 0, 0, 0, 0, 0, 0, 0, 0, 0, 0, 0, 0, 0, 0], "a_time_left": [359.69275950000156, 359.69275950000156, 359.2057130000321, 359.2057130000321, 358.4057706000749, 358.4057706000749, 357.9897702001035, 357.9897702001035, 357.60865620011464, 357.60865620011464, 357.32068700005766, 357.32068700005766, 356.87064450001344, 356.87064450001344, 356.5618029999314, 356.5618029999314, 356.1316696999129, 356.1316696999129, 355.85894999990705, 355.85894999990705, 355.36395719996653, 355.36395719996653, 355.00998480001, 355.00998480001, 354.66979990003165, 354.66979990003165, 354.5635887000244, 354.5635887000244, 354.3146940000588, 354.3146940000588, 353.83598680014256, 353.83598680014256, 353.55594330013264, 353.55594330013264, 352.89687290007714, 352.89687290007714, 352.61034870008007, 352.61034870008007, 352.05099350004457, 352.05099350004457, 351.51193990011234, 351.51193990011234, 351.05418030009605, 351.05418030009605, 350.4774637001101, 350.4774637001101, 349.969858400058, 349.969858400058, 349.7372921999777, 349.7372921999777, 349.5218414000701, 349.5218414000701, 349.2563685000641, 349.2563685000641, 348.867685800069, 348.867685800069, 348.6364937000908, 348.6364937000908, 348.3841864001006, 348.3841864001006, 348.28723180003, 348.28723180003, 348.1947500000242, 348.1947500000242, 348.14840070006903, 348.14840070006903, 348.05461960006505, 348.05461960006505, 347.9758195000468, 347.9758195000468, 347.90573660004884, 347.90573660004884, 347.86391469999216, 347.86391469999216, 347.7792455999879, 347.7792455999879, 347.7372402000474, 347.7372402000474, 347.7345982999541, 347.7345982999541], "b_time_left": [360, 357.99792719993275, 357.99792719993275, 355.99321289989166, 355.99321289989166, 353.99037619982846, 353.99037619982846, 351.98804249987006, 351.98804249987006, 350.6961452998221, 350.6961452998221, 348.6926746998215, 348.6926746998215, 347.880970299826, 347.880970299826, 346.04977259982843, 346.04977259982843, 345.34270919987466, 345.34270919987466, 343.3896570998477, 343.3896570998477, 342.1021597997751, 342.1021597997751, 340.4091776998248, 340.4091776998248, 339.6935998997651, 339.6935998997651, 338.93202029983513, 338.93202029983513, 338.24998319975566, 338.24998319975566, 336.47547409974504, 336.47547409974504, 335.4728894997388, 335.4728894997388, 333.5304863997735, 333.5304863997735, 332.638751299819, 332.638751299819, 330.6361538998317, 330.6361538998317, 329.3735554998275, 329.3735554998275, 327.3705577998189, 327.3705577998189, 325.36812389979605, 325.36812389979605, 323.6125015998259, 323.6125015998259, 321.6106374998344, 321.6106374998344, 319.8631160998484, 319.8631160998484, 317.860988299828, 317.860988299828, 316.1108033998171, 316.1108033998171, 314.995254399837, 314.995254399837, 314.2686234997818, 314.2686234997818, 313.82446999975946, 313.82446999975946, 313.4194964997005, 313.4194964997005, 312.9548820996424, 312.9548820996424, 312.7876936997054, 312.7876936997054, 312.61089629970957, 312.61089629970957, 312.52585349965375, 312.52585349965375, 312.3612705996493, 312.3612705996493, 312.3040679997066, 312.3040679997066, 312.25599469966255, 312.25599469966255, 312.2485763996374], "a_moves_left": [39, 39, 38, 38, 37, 37, 36, 36, 35, 35, 34, 34, 33, 33, 32, 32, 31, 31, 30, 30, 29, 29, 28, 28, 27, 27, 26, 26, 25, 25, 24, 24, 23, 23, 22, 22, 21, 21, 20, 20, 19, 19, 18, 18, 17, 17, 16, 16, 15, 15, 14, 14, 13, 13, 12, 12, 11, 11, 10, 10, 9, 9, 8, 8, 7, 7, 6, 6, 5, 5, 4, 4, 3, 3, 2, 2, 1, 1, 0, 0], "b_moves_left": [40, 39, 39, 38, 38, 37, 37, 36, 36, 35, 35, 34, 34, 33, 33, 32, 32, 31, 31, 30, 30, 29, 29, 28, 28, 27, 27, 26, 26, 25, 25, 24, 24, 23, 23, 22, 22, 21, 21, 20, 20, 19, 19, 18, 18, 17, 17, 16, 16, 15, 15, 14, 14, 13, 13, 12, 12, 11, 11, 10, 10, 9, 9, 8, 8, 7, 7, 6, 6, 5, 5, 4, 4, 3, 3, 2, 2, 1, 1, 0], "trapdoor_triggered": [0, 0, 0, 0, 0, 0, 0, 0, 0, 0, 0, 0, 0, 0, 0, 0, 0, 0, 0, 0, 0, 0, 0, 0, 0, 1, 0, 0, 0, 0, 0, 0, 0, 0, 0, 0, 0, 0, 0, 0, 0, 0, 0, 0, 0, 0, 0, 0, 0, 0, 0, 0, 0, 0, 0, 0, 0, 0, 0, 0, 0, 0, 0, 0, 0, 0, 0, 0, 0, 0, 0, 0, 0, 0, 0, 0, 0, 0, 0, 0], "left_behind": ["egg", "turd", "plain", "turd", "egg", "turd", "plain", "turd", "egg", "plain", "plain", "plain", "egg", "plain", "plain", "plain", "egg", "plain", "plain", "plain", "egg", "plain", "plain", "plain", "egg", "plain", "plain", "plain", "egg", "plain", "plain", "plain", "egg", "plain", "plain", "plain", "egg", "plain", "plain", "plain", "egg", "plain", "plain", "plain", "egg", "plain", "turd", "plain", "plain", "plain", "plain", "plain", "plain", "plain", "turd", "plain", "plain", "plain", "plain", "turd", "plain", "plain", "plain", "plain", "plain", "plain", "turd", "plain", "plain", "plain", "plain", "plain", "plain", "plain", "plain", "plain", "plain", "plain", "plain", "plain"], "errlog_a": "", "errlog_b": "", "start_time": 360, "start_moves": 40, "turn_count": 80, "result": 0, "reason": "EGGS_LAID", "trapdoors": [[4, 2], [3, 4]], "spawn_a": [7, 3], "spawn_b": [0, 3]}