{"pos": [[1, 6], [6, 6], [1, 5], [6, 5], [2, 5], [5, 5], [2, 4], [5, 4], [1, 6], [4, 4], [2, 6], [4, 5], [3, 6], [3, 5], [4, 6], [3, 4], [5, 6], [4, 4], [5, 5], [4, 3], [5, 6], [3, 3], [5, 7], [2, 3], [4, 7], [3, 3], [3, 7], [3, 2], [2, 7], [4, 2], [1, 7], [4, 1], [2, 7], [5, 1], [3, 7], [5, 2], [3, 6], [7, 5], [3, 5], [7, 4], [2, 5], [6, 4], [2, 4], [6, 3], [0, 5], [5, 3], [0, 4], [5, 2], [1, 4], [7, 5], [2, 4], [7, 4], [0, 5], [7, 3], [0, 4], [7, 2], [0, 3], [6, 2], [1, 3], [5, 2], [1, 2], [7, 5], [2, 2], [7, 4], [1, 2], [6, 4], [1, 1], [5, 4], [2, 1], [5, 3], [3, 1], [5, 2], [2, 1], [7, 5], [2, 0], [7, 4], [3, 0], [7, 3], [4, 0], [7, 2]], "a_eggs_laid": [1, 1, 1, 1, 2, 2, 2, 2, 2, 2, 2, 2, 2, 2, 2, 2, 3, 3, 3, 3, 4, 4, 4, 4, 5, 5, 5, 5, 6, 6, 6, 6, 7, 7, 7, 7, 11, 11, 11, 11, 12, 12, 12, 12, 12, 12, 12, 12, 17, 17, 17, 17, 17, 17, 17, 17, 17, 17, 17, 17, 22, 22, 22, 22, 23, 23, 23, 23, 24, 24, 24, 24, 29, 29, 29, 29, 30, 30, 30, 30], "b_eggs_laid": [0, 1, 1, 1, 1, 2, 2, 6, 6, 7, 7, 7, 7, 8, 8, 8, 8, 9, 9, 9, 9, 10, 10, 10, 10, 11, 11, 11, 11, 12, 12, 12, 12, 13, 13, 13, 13, 13, 13, 13, 13, 14, 14, 18, 18, 19, 19, 19, 19, 19, 19, 23, 23, 23, 23, 23, 23, 24, 24, 24, 24, 24, 24, 24, 24, 24, 24, 24, 24, 24, 24, 24, 24, 24, 24, 24, 24, 24, 24, 24], "a_turds_left": [5, 5, 5, 5, 5, 5, 5, 5, 5, 5, 5, 5, 4, 4, 4, 4, 4, 4, 3, 3, 3, 3, 3, 3, 3, 3, 3, 3, 3, 3, 3, 3, 3, 3, 3, 3, 3, 3, 3, 3, 3, 3, 3, 3, 3, 3, 3, 3, 3, 3, 3, 3, 3, 3, 3, 3, 3, 3, 3, 3, 3, 3, 3, 3, 3, 3, 3, 3, 3, 3, 3, 3, 3, 3, 3, 3, 3, 3, 3, 3], "b_turds_left": [5, 5, 5, 5, 5, 5, 5, 5, 5, 5, 5, 5, 5, 5, 5, 5, 5, 5, 5, 5, 5, 5, 5, 5, 5, 5, 5, 5, 5, 5, 5, 5, 5, 5, 5, 5, 5, 5, 5, 5, 5, 5, 5, 5, 5, 5, 5, 5, 5, 5, 5, 5, 5, 5, 5, 5, 5, 5, 5, 5, 5, 5, 5, 5, 5, 5, 5, 5, 5, 5, 5, 5, 5, 5, 5, 5, 5, 5, 5, 5], "a_time_left": [359.88252290000673, 359.88252290000673, 359.71842130005825, 359.71842130005825, 359.5961000000825, 359.5961000000825, 359.48750440008007, 359.48750440008007, 359.38950590009335, 359.38950590009335, 359.2865490000695, 359.2865490000695, 359.28506920009386, 359.28506920009386, 359.26235800015274, 359.26235800015274, 359.1453108001733, 359.1453108001733, 359.1441515001934, 359.1441515001934, 359.10924020025413, 359.10924020025413, 359.03275680029765, 359.03275680029765, 358.93466230027843, 358.93466230027843, 358.83569040021393, 358.83569040021393, 358.7088356001768, 358.7088356001768, 358.6094726001611, 358.6094726001611, 358.5166930000996, 358.5166930000996, 358.41558040014934, 358.41558040014934, 358.383017500164, 358.383017500164, 358.32974400010426, 358.32974400010426, 358.26172050007153, 358.26172050007153, 358.1571581000462, 358.1571581000462, 358.12069830007385, 358.12069830007385, 358.08424430002924, 358.08424430002924, 358.049707600032, 358.049707600032, 358.0142273999518, 358.0142273999518, 357.9962012999458, 357.9962012999458, 357.96742389991414, 357.96742389991414, 357.93300029996317, 357.93300029996317, 357.82093849999364, 357.82093849999364, 357.7801897000754, 357.7801897000754, 357.7305824001087, 357.7305824001087, 357.66015950008295, 357.66015950008295, 357.61233260005247, 357.61233260005247, 357.5522340000607, 357.5522340000607, 357.4962156000547, 357.4962156000547, 357.4605882000178, 357.4605882000178, 357.4324845999945, 357.4324845999945, 357.38949060009327, 357.38949060009327, 357.38615540007595, 357.38615540007595], "b_time_left": [360, 359.87199499993585, 359.87199499993585, 359.73001969989855, 359.73001969989855, 359.6415447999025, 359.6415447999025, 359.5493925998453, 359.5493925998453, 359.4653566997731, 359.4653566997731, 359.3406733997399, 359.3406733997399, 359.274456299725, 359.274456299725, 359.10576119972393, 359.10576119972393, 359.02432109974325, 359.02432109974325, 358.9865306997672, 358.9865306997672, 358.9313641998451, 358.9313641998451, 358.86888099985663, 358.86888099985663, 358.7683342997916, 358.7683342997916, 358.7276327998843, 358.7276327998843, 358.6499230999034, 358.6499230999034, 358.5797150998842, 358.5797150998842, 358.49226929980796, 358.49226929980796, 358.42935019987635, 358.42935019987635, 358.4046579998685, 358.4046579998685, 358.37661139992997, 358.37661139992997, 358.33144919993356, 358.33144919993356, 358.295718499925, 358.295718499925, 358.23425039986614, 358.23425039986614, 358.1791221998865, 358.1791221998865, 358.1392045998946, 358.1392045998946, 358.1202714998508, 358.1202714998508, 358.10198709985707, 358.10198709985707, 358.07140629994683, 358.07140629994683, 358.00859909993596, 358.00859909993596, 357.9001219999045, 357.9001219999045, 357.8727859999053, 357.8727859999053, 357.84733609994873, 357.84733609994873, 357.78841549996287, 357.78841549996287, 357.6933721000096, 357.6933721000096, 357.6540277999593, 357.6540277999593, 357.5869307999965, 357.5869307999965, 357.5659676999785, 357.5659676999785, 357.52995470003225, 357.52995470003225, 357.52332919999026, 357.52332919999026, 357.5212292999495], "a_moves_left": [39, 39, 38, 38, 37, 37, 36, 36, 35, 35, 34, 34, 33, 33, 32, 32, 31, 31, 30, 30, 29, 29, 28, 28, 27, 27, 26, 26, 25, 25, 24, 24, 23, 23, 22, 22, 21, 21, 20, 20, 19, 19, 18, 18, 17, 17, 16, 16, 15, 15, 14, 14, 13, 13, 12, 12, 11, 11, 10, 10, 9, 9, 8, 8, 7, 7, 6, 6, 5, 5, 4, 4, 3, 3, 2, 2, 1, 1, 0, 0], "b_moves_left": [40, 39, 39, 38, 38, 37, 37, 36, 36, 35, 35, 34, 34, 33, 33, 32, 32, 31, 31, 30, 30, 29, 29, 28, 28, 27, 27, 26, 26, 25, 25, 24, 24, 23, 23, 22, 22, 21, 21, 20, 20, 19, 19, 18, 18, 17, 17, 16, 16, 15, 15, 14, 14, 13, 13, 12, 12, 11, 11, 10, 10, 9, 9, 8, 8, 7, 7, 6, 6, 5, 5, 4, 4, 3, 3, 2, 2, 1, 1, 0], "trapdoor_triggered": [0, 0, 0, 0, 0, 0, 1, 0, 0, 0, 0, 0, 0, 0, 0, 0, 0, 0, 0, 0, 0, 0, 0, 0, 0, 0, 0, 0, 0, 0, 0, 0, 0, 0, 0, 1, 0, 0, 0, 0, 0, 0, 1, 0, 0, 0, 0, 1, 0, 0, 1, 0, 0, 0, 0, 0, 0, 0, 0, 1, 0, 0, 0, 0, 0, 0, 0, 0, 0, 0, 0, 1, 0, 0, 0, 0, 0, 0, 0, 0], "left_behind": ["egg", "egg", "plain", "plain", "egg", "egg", "plain", "plain", "plain", "egg", "plain", "plain", "turd", "egg", "plain", "plain", "egg", "egg", "turd", "plain", "egg", "egg", "plain", "plain", "egg", "egg", "plain", "plain", "egg", "egg", "plain", "plain", "egg", "egg", "plain", "plain", "plain", "plain", "plain", "plain", "egg", "egg", "plain", "plain", "plain", "egg", "plain", "plain", "egg", "plain", "plain", "plain", "plain", "plain", "plain", "plain", "plain", "egg", "plain", "plain", "egg", "plain", "plain", "plain", "egg", "plain", "plain", "plain", "egg", "plain", "plain", "plain", "egg", "plain", "plain", "plain", "egg", "plain", "plain", "plain"], "errlog_a": "", "errlog_b": "", "start_time": 360, "start_moves": 40, "turn_count": 80, "result": 0, "reason": "EGGS_LAID", "trapdoors": [[2, 4], [5, 2]], "spawn_a": [0, 6], "spawn_b": [7, 6]}