{"pos": [[7, 4], [0, 2], [7, 5], [0, 1], [7, 6], [0, 0], [7, 7], [1, 0], [6, 7], [0, 0], [5, 7], [0, 1], [4, 7], [1, 1], [3, 7], [2, 1], [2, 7], [2, 0], [1, 7], [3, 0], [0, 7], [4, 0], [0, 6], [5, 0], [1, 6], [6, 0], [1, 7], [7, 0], [1, 6], [7, 1], [1, 7], [6, 1], [1, 6], [6, 2], [1, 7], [5, 2], [1, 6], [5, 1], [1, 7], [4, 1], [1, 6], [3, 1], [1, 7], [3, 2], [1, 6], [2, 2], [1, 7], [1, 2], [1, 6], [1, 3], [1, 7], [1, 4], [1, 6], [1, 5], [1, 7], [1, 6], [2, 7], [0, 6], [2, 6], [0, 7], [3, 6], [0, 6], [3, 7], [0, 5], [2, 7], [0, 4], [2, 6], [1, 4], [2, 7], [2, 4], [2, 6], [2, 5], [2, 7], [3, 5], [2, 6], [0, 2], [2, 7], [0, 1], [2, 6], [0, 0]], "a_eggs_laid": [0, 0, 0, 0, 0, 0, 0, 0, 0, 0, 0, 0, 0, 0, 0, 0, 0, 0, 0, 0, 1, 1, 1, 1, 1, 1, 1, 1, 1, 1, 1, 1, 1, 1, 1, 1, 1, 1, 1, 1, 1, 1, 1, 1, 1, 1, 1, 1, 1, 1, 1, 1, 1, 1, 1, 1, 1, 1, 1, 1, 2, 2, 2, 2, 2, 2, 2, 2, 2, 2, 2, 2, 2, 2, 6, 6, 6, 6, 6, 6], "b_eggs_laid": [0, 1, 1, 1, 1, 2, 2, 2, 2, 3, 3, 3, 3, 3, 3, 3, 3, 4, 4, 4, 4, 5, 5, 5, 5, 6, 6, 6, 6, 9, 9, 9, 9, 10, 10, 10, 10, 11, 11, 11, 11, 12, 12, 12, 12, 13, 13, 13, 13, 14, 14, 14, 14, 15, 15, 15, 15, 16, 16, 16, 16, 19, 19, 19, 19, 20, 20, 20, 20, 20, 20, 20, 20, 20, 20, 20, 20, 20, 20, 20], "a_turds_left": [4, 4, 3, 3, 2, 2, 1, 1, 1, 1, 1, 1, 1, 1, 0, 0, 0, 0, 0, 0, 0, 0, 0, 0, 0, 0, 0, 0, 0, 0, 0, 0, 0, 0, 0, 0, 0, 0, 0, 0, 0, 0, 0, 0, 0, 0, 0, 0, 0, 0, 0, 0, 0, 0, 0, 0, 0, 0, 0, 0, 0, 0, 0, 0, 0, 0, 0, 0, 0, 0, 0, 0, 0, 0, 0, 0, 0, 0, 0, 0], "b_turds_left": [5, 5, 5, 5, 5, 5, 5, 5, 5, 5, 5, 5, 5, 5, 5, 5, 5, 5, 5, 5, 5, 5, 5, 5, 5, 5, 5, 5, 5, 5, 5, 5, 5, 5, 5, 5, 5, 5, 5, 5, 5, 5, 5, 5, 5, 5, 5, 5, 5, 5, 5, 4, 4, 4, 4, 3, 3, 3, 3, 2, 2, 2, 2, 2, 2, 2, 2, 1, 1, 1, 1, 0, 0, 0, 0, 0, 0, 0, 0, 0], "a_time_left": [359.9204452999984, 359.9204452999984, 359.76804549997905, 359.76804549997905, 359.6963379000081, 359.6963379000081, 359.5977472999948, 359.5977472999948, 359.50266399997054, 359.50266399997054, 359.4279891999322, 359.4279891999322, 359.3938274999382, 359.3938274999382, 359.2813035999425, 359.2813035999425, 359.1983366999193, 359.1983366999193, 359.1167437999393, 359.1167437999393, 359.08895099995425, 359.08895099995425, 359.06678979995195, 359.06678979995195, 359.032972099958, 359.032972099958, 359.00070799991954, 359.00070799991954, 358.9850382999284, 358.9850382999284, 358.95654439995997, 358.95654439995997, 358.92591619992163, 358.92591619992163, 358.8914735999424, 358.8914735999424, 358.85979529999895, 358.85979529999895, 358.8049277999671, 358.8049277999671, 358.781916399952, 358.781916399952, 358.723338199954, 358.723338199954, 358.6949424999184, 358.6949424999184, 358.6028193999082, 358.6028193999082, 358.5658752999152, 358.5658752999152, 358.4962882999098, 358.4962882999098, 358.45152869989397, 358.45152869989397, 358.4225043999031, 358.4225043999031, 358.41103759990074, 358.41103759990074, 358.37777469994035, 358.37777469994035, 358.3631389999646, 358.3631389999646, 358.3304772999254, 358.3304772999254, 358.2729409999447, 358.2729409999447, 358.2547213999205, 358.2547213999205, 358.23628169990843, 358.23628169990843, 358.2089951999369, 358.2089951999369, 358.1907185999444, 358.1907185999444, 358.1788160999422, 358.1788160999422, 358.1690747999819, 358.1690747999819, 358.16802939999616, 358.16802939999616], "b_time_left": [360, 359.99845270003425, 359.99845270003425, 359.99702220002655, 359.99702220002655, 359.9963968000375, 359.9963968000375, 359.99511459999485, 359.99511459999485, 359.99408699997, 359.99408699997, 359.9932862999849, 359.9932862999849, 359.99241059995256, 359.99241059995256, 359.9905579999322, 359.9905579999322, 359.98946679994697, 359.98946679994697, 359.9876692999969, 359.9876692999969, 359.9867178000277, 359.9867178000277, 359.9854863000219, 359.9854863000219, 359.9849069000338, 359.9849069000338, 359.9838803000166, 359.9838803000166, 359.9831632000278, 359.9831632000278, 359.98233710002387, 359.98233710002387, 359.9816550000105, 359.9816550000105, 359.9808568000444, 359.9808568000444, 359.9801814000821, 359.9801814000821, 359.9788809000747, 359.9788809000747, 359.9778000001097, 359.9778000001097, 359.97633060009684, 359.97633060009684, 359.9756262000883, 359.9756262000883, 359.9741171000642, 359.9741171000642, 359.9732829000568, 359.9732829000568, 359.97195580002153, 359.97195580002153, 359.9712821000139, 359.9712821000139, 359.96997239999473, 359.96997239999473, 359.96940649999306, 359.96940649999306, 359.96846220002044, 359.96846220002044, 359.9680531999911, 359.9680531999911, 359.96744949999265, 359.96744949999265, 359.9669051000383, 359.9669051000383, 359.9658984000562, 359.9658984000562, 359.964728400053, 359.964728400053, 359.96252290008124, 359.96252290008124, 359.9615800000611, 359.9615800000611, 359.96057000011206, 359.96057000011206, 359.95992090011714, 359.95992090011714, 359.95920470013516], "a_moves_left": [39, 39, 38, 38, 37, 37, 36, 36, 35, 35, 34, 34, 33, 33, 32, 32, 31, 31, 30, 30, 29, 29, 28, 28, 27, 27, 26, 26, 25, 25, 24, 24, 23, 23, 22, 22, 21, 21, 20, 20, 19, 19, 18, 18, 17, 17, 16, 16, 15, 15, 14, 14, 13, 13, 12, 12, 11, 11, 10, 10, 9, 9, 8, 8, 7, 7, 6, 6, 5, 5, 4, 4, 3, 3, 2, 2, 1, 1, 0, 0], "b_moves_left": [40, 39, 39, 38, 38, 37, 37, 36, 36, 35, 35, 34, 34, 33, 33, 32, 32, 31, 31, 30, 30, 29, 29, 28, 28, 27, 27, 26, 26, 25, 25, 24, 24, 23, 23, 22, 22, 21, 21, 20, 20, 19, 19, 18, 18, 17, 17, 16, 16, 15, 15, 14, 14, 13, 13, 12, 12, 11, 11, 10, 10, 9, 9, 8, 8, 7, 7, 6, 6, 5, 5, 4, 4, 3, 3, 2, 2, 1, 1, 0], "trapdoor_triggered": [0, 0, 0, 0, 0, 0, 0, 0, 0, 0, 0, 0, 0, 0, 0, 0, 0, 0, 0, 0, 0, 0, 0, 0, 0, 0, 0, 0, 0, 0, 0, 0, 0, 0, 0, 0, 0, 0, 0, 0, 0, 0, 0, 0, 0, 0, 0, 0, 0, 0, 0, 0, 0, 0, 0, 0, 0, 0, 0, 0, 0, 0, 0, 0, 0, 0, 0, 0, 0, 0, 0, 0, 0, 1, 0, 0, 0, 0, 0, 0], "left_behind": ["turd", "egg", "turd", "plain", "turd", "egg", "turd", "plain", "plain", "egg", "plain", "plain", "plain", "plain", "turd", "plain", "plain", "egg", "plain", "plain", "egg", "egg", "plain", "plain", "plain", "egg", "plain", "plain", "plain", "egg", "plain", "plain", "plain", "egg", "plain", "plain", "plain", "egg", "plain", "plain", "plain", "egg", "plain", "plain", "plain", "egg", "plain", "plain", "plain", "egg", "plain", "turd", "plain", "egg", "plain", "turd", "plain", "egg", "plain", "turd", "egg", "egg", "plain", "plain", "plain", "egg", "plain", "turd", "plain", "plain", "plain", "turd", "plain", "plain", "plain", "plain", "plain", "plain", "plain", "plain"], "errlog_a": "", "errlog_b": "", "start_time": 360, "start_moves": 40, "turn_count": 80, "result": 1, "reason": "EGGS_LAID", "trapdoors": [[3, 5], [4, 5]], "spawn_a": [7, 3], "spawn_b": [0, 3]}