{"pos": [[7, 4], [0, 4], [6, 4], [1, 4], [5, 4], [2, 4], [7, 3], [1, 4], [6, 3], [2, 4], [5, 3], [2, 3], [5, 4], [3, 3], [4, 4], [3, 2], [4, 3], [4, 2], [4, 4], [4, 1], [5, 4], [5, 1], [4, 4], [5, 0], [5, 4], [6, 0], [4, 4], [7, 0], [5, 4], [7, 1], [4, 4], [6, 1], [5, 4], [6, 2], [4, 4], [5, 2], [4, 5], [6, 2], [4, 6], [7, 2], [5, 6], [6, 2], [6, 6], [6, 3], [6, 5], [6, 2], [7, 5], [7, 2], [6, 5], [6, 2], [7, 5], [6, 1], [6, 5], [5, 1], [7, 5], [5, 0], [6, 5], [4, 0], [6, 4], [3, 0], [5, 4], [3, 1], [4, 4], [2, 1], [4, 5], [2, 2], [3, 5], [1, 2], [4, 5], [1, 1], [4, 4], [0, 1], [4, 5], [0, 0], [4, 4], [1, 0], [4, 5], [2, 0], [4, 4], [3, 0]], "a_eggs_laid": [1, 1, 1, 1, 2, 2, 2, 2, 2, 2, 2, 2, 3, 3, 3, 3, 3, 3, 3, 3, 3, 3, 3, 3, 3, 3, 3, 3, 3, 3, 3, 3, 3, 3, 3, 3, 3, 3, 3, 3, 4, 4, 4, 4, 5, 5, 5, 5, 6, 6, 6, 6, 6, 6, 6, 6, 6, 6, 6, 6, 6, 6, 6, 6, 6, 6, 6, 6, 7, 7, 7, 7, 7, 7, 7, 7, 7, 7, 7, 7], "b_eggs_laid": [0, 1, 1, 1, 1, 2, 2, 6, 6, 6, 6, 6, 6, 7, 7, 7, 7, 8, 8, 8, 8, 9, 9, 9, 9, 10, 10, 10, 10, 13, 13, 13, 13, 14, 14, 14, 14, 15, 15, 15, 15, 16, 16, 16, 16, 17, 17, 17, 17, 17, 17, 17, 17, 17, 17, 17, 17, 17, 17, 17, 17, 18, 18, 18, 18, 19, 19, 19, 19, 20, 20, 20, 20, 21, 21, 21, 21, 22, 22, 22], "a_turds_left": [5, 5, 5, 5, 5, 5, 5, 5, 5, 5, 5, 5, 5, 5, 4, 4, 3, 3, 3, 3, 3, 3, 3, 3, 3, 3, 3, 3, 3, 3, 3, 3, 3, 3, 3, 3, 3, 3, 3, 3, 3, 3, 3, 3, 3, 3, 3, 3, 3, 3, 3, 3, 3, 3, 3, 3, 3, 3, 3, 3, 3, 3, 3, 3, 3, 3, 2, 2, 2, 2, 2, 2, 2, 2, 2, 2, 2, 2, 2, 2], "b_turds_left": [5, 5, 5, 5, 5, 5, 5, 4, 4, 4, 4, 4, 4, 4, 4, 4, 4, 4, 4, 4, 4, 4, 4, 4, 4, 4, 4, 4, 4, 4, 4, 4, 4, 4, 4, 4, 4, 4, 4, 4, 4, 4, 4, 4, 4, 4, 4, 4, 4, 4, 4, 4, 4, 4, 4, 4, 4, 4, 4, 4, 4, 4, 4, 4, 4, 4, 4, 4, 4, 4, 4, 4, 4, 4, 4, 4, 4, 4, 4, 4], "a_time_left": [359.68530529993586, 359.68530529993586, 359.3752209999366, 359.3752209999366, 358.4610126998741, 358.4610126998741, 358.0106557998806, 358.0106557998806, 357.96667879994493, 357.96667879994493, 357.68380469991826, 357.68380469991826, 356.66504499991424, 356.66504499991424, 356.66385150002316, 356.66385150002316, 356.66264350002166, 356.66264350002166, 356.5998491999926, 356.5998491999926, 356.383408099995, 356.383408099995, 356.14993750001304, 356.14993750001304, 355.9655026999535, 355.9655026999535, 355.84460079995915, 355.84460079995915, 355.75127979996614, 355.75127979996614, 355.5918695998844, 355.5918695998844, 355.3930978998542, 355.3930978998542, 355.2240892997943, 355.2240892997943, 355.0738091998501, 355.0738091998501, 354.79658619978, 354.79658619978, 354.2594482997665, 354.2594482997665, 354.07245839980897, 354.07245839980897, 353.72327909979504, 353.72327909979504, 353.5257137998706, 353.5257137998706, 353.4096514999401, 353.4096514999401, 353.1593060999876, 353.1593060999876, 353.0994560000254, 353.0994560000254, 352.9830089000752, 352.9830089000752, 352.9355555000948, 352.9355555000948, 352.75443030009046, 352.75443030009046, 352.5857561000157, 352.5857561000157, 352.4346566000022, 352.4346566000022, 352.1895960000111, 352.1895960000111, 351.9836662999587, 351.9836662999587, 351.6185868999455, 351.6185868999455, 351.4377395999618, 351.4377395999618, 351.26613189990167, 351.26613189990167, 351.059779800009, 351.059779800009, 350.89247610000893, 350.89247610000893, 350.8870165999979, 350.8870165999979], "b_time_left": [360, 359.7559142000973, 359.7559142000973, 359.582894399995, 359.582894399995, 359.3697632000549, 359.3697632000549, 359.1875927001238, 359.1875927001238, 359.04604310006835, 359.04604310006835, 358.86764840001706, 358.86764840001706, 358.72164969996084, 358.72164969996084, 358.6091532999417, 358.6091532999417, 358.5453901999863, 358.5453901999863, 358.47569330001716, 358.47569330001716, 358.30638620001264, 358.30638620001264, 358.15899580006953, 358.15899580006953, 358.0591320000822, 358.0591320000822, 358.00042010005563, 358.00042010005563, 357.94209900009446, 357.94209900009446, 357.8529845001176, 357.8529845001176, 357.7144213001011, 357.7144213001011, 357.6019357001642, 357.6019357001642, 357.42681940016337, 357.42681940016337, 357.2906920001842, 357.2906920001842, 357.1447422001511, 357.1447422001511, 357.0469141001813, 357.0469141001813, 356.95305070013274, 356.95305070013274, 356.85862490010913, 356.85862490010913, 356.76867110002786, 356.76867110002786, 356.69233090011403, 356.69233090011403, 356.5651364000514, 356.5651364000514, 356.49493560008705, 356.49493560008705, 356.42624530009925, 356.42624530009925, 356.35963440011255, 356.35963440011255, 356.216678100056, 356.216678100056, 356.1443442001473, 356.1443442001473, 356.00045840011444, 356.00045840011444, 355.88973200006876, 355.88973200006876, 355.63535520015284, 355.63535520015284, 355.56106090021785, 355.56106090021785, 355.3775037002051, 355.3775037002051, 355.32661940017715, 355.32661940017715, 355.3113127001561, 355.3113127001561, 355.3083024000516], "a_moves_left": [39, 39, 38, 38, 37, 37, 36, 36, 35, 35, 34, 34, 33, 33, 32, 32, 31, 31, 30, 30, 29, 29, 28, 28, 27, 27, 26, 26, 25, 25, 24, 24, 23, 23, 22, 22, 21, 21, 20, 20, 19, 19, 18, 18, 17, 17, 16, 16, 15, 15, 14, 14, 13, 13, 12, 12, 11, 11, 10, 10, 9, 9, 8, 8, 7, 7, 6, 6, 5, 5, 4, 4, 3, 3, 2, 2, 1, 1, 0, 0], "b_moves_left": [40, 39, 39, 38, 38, 37, 37, 36, 36, 35, 35, 34, 34, 33, 33, 32, 32, 31, 31, 30, 30, 29, 29, 28, 28, 27, 27, 26, 26, 25, 25, 24, 24, 23, 23, 22, 22, 21, 21, 20, 20, 19, 19, 18, 18, 17, 17, 16, 16, 15, 15, 14, 14, 13, 13, 12, 12, 11, 11, 10, 10, 9, 9, 8, 8, 7, 7, 6, 6, 5, 5, 4, 4, 3, 3, 2, 2, 1, 1, 0], "trapdoor_triggered": [0, 0, 0, 0, 0, 0, 1, 0, 0, 0, 0, 0, 0, 0, 0, 0, 0, 0, 0, 0, 0, 0, 0, 0, 0, 0, 0, 0, 0, 0, 0, 0, 0, 0, 0, 0, 0, 0, 0, 0, 0, 0, 0, 0, 0, 0, 0, 0, 0, 0, 0, 0, 0, 0, 0, 0, 0, 0, 0, 0, 0, 0, 0, 0, 0, 0, 0, 0, 0, 0, 0, 0, 0, 0, 0, 0, 0, 0, 0, 0], "left_behind": ["egg", "egg", "plain", "plain", "egg", "egg", "plain", "turd", "plain", "plain", "plain", "plain", "egg", "egg", "turd", "plain", "turd", "egg", "plain", "plain", "plain", "egg", "plain", "plain", "plain", "egg", "plain", "plain", "plain", "egg", "plain", "plain", "plain", "egg", "plain", "plain", "plain", "egg", "plain", "plain", "egg", "egg", "plain", "plain", "egg", "egg", "plain", "plain", "egg", "plain", "plain", "plain", "plain", "plain", "plain", "plain", "plain", "plain", "plain", "plain", "plain", "egg", "plain", "plain", "plain", "egg", "turd", "plain", "egg", "egg", "plain", "plain", "plain", "egg", "plain", "plain", "plain", "egg", "plain", "plain"], "errlog_a": "", "errlog_b": "", "start_time": 360, "start_moves": 40, "turn_count": 80, "result": 1, "reason": "EGGS_LAID", "trapdoors": [[5, 5], [2, 5]], "spawn_a": [7, 3], "spawn_b": [0, 3]}