{"pos": [[7, 2], [1, 1], [6, 2], [1, 2], [6, 3], [1, 3], [5, 3], [2, 3], [5, 4], [2, 2], [4, 4], [3, 2], [4, 3], [3, 1], [4, 2], [4, 1], [4, 3], [3, 1], [4, 2], [2, 1], [4, 3], [2, 0], [4, 2], [3, 0], [5, 2], [2, 0], [5, 1], [1, 0], [5, 0], [1, 1], [4, 0], [1, 2], [5, 0], [1, 3], [6, 0], [1, 4], [6, 1], [1, 5], [6, 2], [0, 5], [6, 3], [1, 5], [7, 3], [1, 6], [7, 4], [2, 6], [6, 4], [2, 7], [6, 5], [3, 7], [7, 5], [3, 6], [7, 6], [3, 5], [7, 7], [2, 5], [6, 7], [2, 4], [6, 6], [1, 4], [5, 6], [0, 4], [5, 7], [0, 3], [4, 7], [1, 3], [4, 6], [2, 3], [5, 6], [1, 3], [5, 5], [1, 2], [6, 5], [1, 3], [5, 5], [0, 3], [5, 4], [0, 2], [5, 3], [0, 1]], "a_eggs_laid": [1, 1, 1, 1, 2, 2, 2, 2, 3, 3, 3, 3, 3, 3, 3, 3, 4, 4, 4, 4, 4, 4, 4, 4, 4, 4, 4, 4, 5, 5, 5, 5, 6, 6, 6, 6, 7, 7, 7, 7, 7, 7, 7, 7, 8, 8, 8, 8, 9, 9, 9, 9, 10, 10, 10, 10, 13, 13, 13, 13, 14, 14, 14, 14, 15, 15, 15, 15, 16, 16, 16, 16, 16, 16, 16, 16, 16, 16, 16, 16], "b_eggs_laid": [0, 1, 1, 1, 1, 2, 2, 2, 2, 3, 3, 3, 3, 4, 4, 4, 4, 5, 5, 5, 5, 6, 6, 6, 6, 7, 7, 7, 7, 8, 8, 8, 8, 8, 8, 8, 8, 9, 9, 9, 9, 10, 10, 10, 10, 11, 11, 11, 11, 12, 12, 12, 12, 13, 13, 13, 13, 14, 14, 14, 14, 14, 14, 14, 14, 15, 15, 15, 15, 15, 15, 15, 15, 15, 15, 15, 15, 15, 15, 15], "a_turds_left": [5, 5, 5, 5, 5, 5, 5, 5, 5, 5, 5, 5, 4, 4, 3, 3, 3, 3, 3, 3, 3, 3, 3, 3, 3, 3, 3, 3, 3, 3, 3, 3, 3, 3, 3, 3, 3, 3, 3, 3, 3, 3, 3, 3, 3, 3, 3, 3, 3, 3, 3, 3, 3, 3, 3, 3, 3, 3, 3, 3, 3, 3, 3, 3, 3, 3, 3, 3, 3, 3, 3, 3, 3, 3, 3, 3, 3, 3, 3, 3], "b_turds_left": [5, 5, 5, 5, 5, 5, 5, 5, 5, 5, 5, 5, 5, 5, 5, 5, 5, 5, 5, 5, 5, 5, 5, 5, 5, 5, 5, 5, 5, 5, 5, 5, 5, 5, 5, 5, 5, 5, 5, 5, 5, 5, 5, 5, 5, 5, 5, 5, 5, 5, 5, 5, 5, 5, 5, 5, 5, 5, 5, 5, 5, 5, 5, 5, 5, 5, 5, 5, 5, 5, 5, 5, 5, 5, 5, 5, 5, 5, 5, 5], "a_time_left": [351.55105919996276, 351.55105919996276, 345.2094039999647, 345.2094039999647, 312.54537609999534, 312.54537609999534, 296.33753290004097, 296.33753290004097, 266.3969784999499, 266.3969784999499, 258.31260379985906, 258.31260379985906, 258.3113412997918, 258.3113412997918, 258.31021829973906, 258.31021829973906, 255.53938389976975, 255.53938389976975, 253.9501505998196, 253.9501505998196, 252.0917201997945, 252.0917201997945, 250.63282389973756, 250.63282389973756, 249.657304499764, 249.657304499764, 248.30977289984003, 248.30977289984003, 245.89914539980236, 245.89914539980236, 245.3532940997975, 245.3532940997975, 244.80849059985485, 244.80849059985485, 243.1251240997808, 243.1251240997808, 238.35391339974012, 238.35391339974012, 236.84352049964946, 236.84352049964946, 235.98247019969858, 235.98247019969858, 233.21291419968475, 233.21291419968475, 229.83668319974095, 229.83668319974095, 227.37464049982373, 227.37464049982373, 223.36980969982687, 223.36980969982687, 220.42461039987393, 220.42461039987393, 218.1362684998894, 218.1362684998894, 216.49660489987582, 216.49660489987582, 214.3542397998972, 214.3542397998972, 213.28083049983252, 213.28083049983252, 211.9928083998384, 211.9928083998384, 210.1129499997478, 210.1129499997478, 208.1695093997987, 208.1695093997987, 207.55298619985115, 207.55298619985115, 206.7144912998192, 206.7144912998192, 205.82776639983058, 205.82776639983058, 205.08976989984512, 205.08976989984512, 204.312151699909, 204.312151699909, 204.2423149998067, 204.2423149998067, 204.2332952998113, 204.2332952998113], "b_time_left": [360, 359.8223998999456, 359.8223998999456, 359.63888589991257, 359.63888589991257, 359.38947869988624, 359.38947869988624, 359.14933329995256, 359.14933329995256, 358.8173751999857, 358.8173751999857, 358.5735679999925, 358.5735679999925, 358.362673799973, 358.362673799973, 358.26031400007196, 358.26031400007196, 358.1517287000315, 358.1517287000315, 358.06170900003053, 358.06170900003053, 357.8790701000253, 357.8790701000253, 357.8133817999624, 357.8133817999624, 357.70896089996677, 357.70896089996677, 357.5798669999931, 357.5798669999931, 357.4752005999908, 357.4752005999908, 357.40715700003784, 357.40715700003784, 357.3288842000766, 357.3288842000766, 357.1471351000946, 357.1471351000946, 357.0288089000387, 357.0288089000387, 356.89555130002555, 356.89555130002555, 356.7561960000312, 356.7561960000312, 356.6427447999595, 356.6427447999595, 356.41849640000146, 356.41849640000146, 356.24909409997053, 356.24909409997053, 356.02356959995814, 356.02356959995814, 355.8346047999803, 355.8346047999803, 355.66195510001853, 355.66195510001853, 355.5695564999478, 355.5695564999478, 355.3793375999667, 355.3793375999667, 355.32280159997754, 355.32280159997754, 355.22470519994386, 355.22470519994386, 355.11941419995856, 355.11941419995856, 355.014052500017, 355.014052500017, 354.94426220003515, 354.94426220003515, 354.8511411999352, 354.8511411999352, 354.6012292999076, 354.6012292999076, 354.47303169989027, 354.47303169989027, 354.2257603998296, 354.2257603998296, 354.216066399822, 354.216066399822, 354.2139282998396], "a_moves_left": [39, 39, 38, 38, 37, 37, 36, 36, 35, 35, 34, 34, 33, 33, 32, 32, 31, 31, 30, 30, 29, 29, 28, 28, 27, 27, 26, 26, 25, 25, 24, 24, 23, 23, 22, 22, 21, 21, 20, 20, 19, 19, 18, 18, 17, 17, 16, 16, 15, 15, 14, 14, 13, 13, 12, 12, 11, 11, 10, 10, 9, 9, 8, 8, 7, 7, 6, 6, 5, 5, 4, 4, 3, 3, 2, 2, 1, 1, 0, 0], "b_moves_left": [40, 39, 39, 38, 38, 37, 37, 36, 36, 35, 35, 34, 34, 33, 33, 32, 32, 31, 31, 30, 30, 29, 29, 28, 28, 27, 27, 26, 26, 25, 25, 24, 24, 23, 23, 22, 22, 21, 21, 20, 20, 19, 19, 18, 18, 17, 17, 16, 16, 15, 15, 14, 14, 13, 13, 12, 12, 11, 11, 10, 10, 9, 9, 8, 8, 7, 7, 6, 6, 5, 5, 4, 4, 3, 3, 2, 2, 1, 1, 0], "trapdoor_triggered": [0, 0, 0, 0, 0, 0, 0, 0, 0, 0, 0, 0, 0, 0, 0, 0, 0, 0, 0, 0, 0, 0, 0, 0, 0, 0, 0, 0, 0, 0, 0, 0, 0, 0, 0, 0, 0, 0, 0, 0, 0, 0, 0, 0, 0, 0, 0, 0, 0, 0, 0, 0, 0, 0, 0, 0, 0, 0, 0, 0, 0, 0, 0, 0, 0, 0, 0, 0, 0, 0, 0, 0, 0, 0, 0, 0, 0, 0, 0, 0], "left_behind": ["egg", "egg", "plain", "plain", "egg", "egg", "plain", "plain", "egg", "egg", "plain", "plain", "turd", "egg", "turd", "plain", "egg", "egg", "plain", "plain", "plain", "egg", "plain", "plain", "plain", "egg", "plain", "plain", "egg", "egg", "plain", "plain", "egg", "plain", "plain", "plain", "egg", "egg", "plain", "plain", "plain", "egg", "plain", "plain", "egg", "egg", "plain", "plain", "egg", "egg", "plain", "plain", "egg", "egg", "plain", "plain", "egg", "egg", "plain", "plain", "egg", "plain", "plain", "plain", "egg", "egg", "plain", "plain", "egg", "plain", "plain", "plain", "plain", "plain", "plain", "plain", "plain", "plain", "plain", "plain"], "errlog_a": "", "errlog_b": "", "start_time": 360, "start_moves": 40, "turn_count": 80, "result": 0, "reason": "EGGS_LAID", "trapdoors": [[3, 3], [4, 5]], "spawn_a": [7, 1], "spawn_b": [0, 1]}