{"pos": [[1, 4], [6, 4], [1, 3], [6, 3], [2, 3], [5, 3], [2, 4], [5, 4], [2, 5], [5, 3], [3, 5], [6, 3], [3, 6], [5, 3], [4, 6], [6, 3], [5, 6], [5, 3], [5, 5], [6, 3], [6, 5], [5, 3], [6, 4], [6, 3], [6, 5], [5, 3], [6, 6], [6, 3], [6, 7], [5, 3], [7, 7], [6, 3], [6, 7], [5, 3], [5, 7], [4, 3], [4, 7], [5, 3], [3, 7], [4, 3], [2, 7], [5, 3], [2, 6], [4, 3], [1, 6], [5, 3], [1, 5], [4, 3], [0, 5], [5, 3], [0, 6], [6, 3], [0, 7], [6, 2], [1, 7], [6, 1], [2, 7], [5, 1], [2, 6], [5, 0], [2, 5], [4, 0], [2, 4], [4, 1], [2, 3], [4, 2], [1, 3], [3, 2], [1, 2], [4, 2], [2, 2], [4, 3], [2, 1], [5, 3], [3, 1], [5, 4], [2, 1], [5, 3], [2, 0], [6, 3]], "a_eggs_laid": [1, 1, 1, 1, 2, 2, 2, 2, 3, 3, 3, 3, 4, 4, 4, 4, 5, 5, 5, 5, 6, 6, 6, 6, 7, 7, 7, 7, 8, 8, 8, 8, 11, 11, 11, 11, 12, 12, 12, 12, 13, 13, 13, 13, 14, 14, 14, 14, 15, 15, 15, 15, 16, 16, 16, 16, 17, 17, 17, 17, 17, 17, 17, 17, 17, 17, 17, 17, 17, 17, 17, 17, 18, 18, 18, 18, 19, 19, 19, 19], "b_eggs_laid": [0, 1, 1, 1, 1, 2, 2, 2, 2, 3, 3, 3, 3, 3, 3, 3, 3, 3, 3, 3, 3, 3, 3, 3, 3, 3, 3, 3, 3, 3, 3, 3, 3, 3, 3, 3, 3, 4, 4, 4, 4, 4, 4, 4, 4, 4, 4, 4, 4, 4, 4, 4, 4, 4, 4, 4, 4, 5, 5, 5, 5, 6, 6, 6, 6, 7, 7, 7, 7, 8, 8, 8, 8, 8, 8, 8, 8, 8, 8, 8], "a_turds_left": [5, 5, 5, 5, 5, 5, 5, 5, 5, 5, 5, 5, 5, 5, 5, 5, 5, 5, 5, 5, 5, 5, 4, 4, 4, 4, 4, 4, 4, 4, 4, 4, 4, 4, 4, 4, 4, 4, 4, 4, 4, 4, 4, 4, 4, 4, 4, 4, 4, 4, 4, 4, 4, 4, 4, 4, 4, 4, 4, 4, 4, 4, 4, 4, 4, 4, 3, 3, 3, 3, 3, 3, 3, 3, 3, 3, 3, 3, 3, 3], "b_turds_left": [5, 5, 5, 5, 5, 5, 5, 5, 5, 5, 5, 4, 4, 4, 4, 4, 4, 4, 4, 4, 4, 4, 4, 4, 4, 4, 4, 4, 4, 4, 4, 4, 4, 4, 4, 4, 4, 4, 4, 4, 4, 4, 4, 4, 4, 4, 4, 4, 4, 4, 4, 4, 4, 4, 4, 4, 4, 4, 4, 4, 4, 4, 4, 4, 4, 4, 4, 4, 4, 4, 4, 3, 3, 3, 3, 3, 3, 3, 3, 3], "a_time_left": [359.2166037999559, 359.2166037999559, 358.15954499994405, 358.15954499994405, 356.95896509988233, 356.95896509988233, 356.2010062998161, 356.2010062998161, 355.1336038998561, 355.1336038998561, 354.51110749994405, 354.51110749994405, 354.2432944999309, 354.2432944999309, 353.9347082999302, 353.9347082999302, 353.6819569999352, 353.6819569999352, 353.3768533000257, 353.3768533000257, 353.1927869999781, 353.1927869999781, 353.19163659994956, 353.19163659994956, 353.15048359986395, 353.15048359986395, 353.02872259984724, 353.02872259984724, 352.825212199823, 352.825212199823, 352.68716579989996, 352.68716579989996, 352.5376802998362, 352.5376802998362, 352.3979694999289, 352.3979694999289, 351.88742679997813, 351.88742679997813, 351.75270850001834, 351.75270850001834, 351.64127070002723, 351.64127070002723, 351.4620415000245, 351.4620415000245, 351.31729919998907, 351.31729919998907, 351.1006339000305, 351.1006339000305, 350.95439730002545, 350.95439730002545, 350.8227158000227, 350.8227158000227, 350.7270198999904, 350.7270198999904, 350.4078843999887, 350.4078843999887, 349.8936354999896, 349.8936354999896, 349.5373815000057, 349.5373815000057, 349.4018259999575, 349.4018259999575, 349.2816752999788, 349.2816752999788, 349.02521640004124, 349.02521640004124, 348.75277090014424, 348.75277090014424, 348.53933250019327, 348.53933250019327, 348.1315210001776, 348.1315210001776, 347.91447720024735, 347.91447720024735, 347.7048099002568, 347.7048099002568, 347.5663738002768, 347.5663738002768, 347.5603651002748, 347.5603651002748], "b_time_left": [360, 359.6489815999521, 359.6489815999521, 359.2002833998995, 359.2002833998995, 358.87230129993986, 358.87230129993986, 358.46599109994713, 358.46599109994713, 358.0492031000322, 358.0492031000322, 357.55203130003065, 357.55203130003065, 357.4240556000732, 357.4240556000732, 357.11242060014047, 357.11242060014047, 356.9865869000787, 356.9865869000787, 356.7397345000645, 356.7397345000645, 356.6300183000276, 356.6300183000276, 356.5981869000243, 356.5981869000243, 356.5537040999625, 356.5537040999625, 356.44226899999194, 356.44226899999194, 356.3900833999505, 356.3900833999505, 356.30486199993175, 356.30486199993175, 356.2533165999921, 356.2533165999921, 356.18343159998767, 356.18343159998767, 356.06410089996643, 356.06410089996643, 355.9747099999804, 355.9747099999804, 355.8648514000233, 355.8648514000233, 355.7561222000513, 355.7561222000513, 355.666299500037, 355.666299500037, 355.54764360003173, 355.54764360003173, 355.4507785999449, 355.4507785999449, 355.32594459992833, 355.32594459992833, 355.24177910003345, 355.24177910003345, 355.11182420002297, 355.11182420002297, 355.0329008999979, 355.0329008999979, 354.92090050003026, 354.92090050003026, 354.8525094999932, 354.8525094999932, 354.75539459998254, 354.75539459998254, 354.55713650002144, 354.55713650002144, 354.4626401999267, 354.4626401999267, 354.2777817999013, 354.2777817999013, 354.06830329995137, 354.06830329995137, 353.95818889990915, 353.95818889990915, 353.89018339989707, 353.89018339989707, 353.88223719992675, 353.88223719992675, 353.87997509993147], "a_moves_left": [39, 39, 38, 38, 37, 37, 36, 36, 35, 35, 34, 34, 33, 33, 32, 32, 31, 31, 30, 30, 29, 29, 28, 28, 27, 27, 26, 26, 25, 25, 24, 24, 23, 23, 22, 22, 21, 21, 20, 20, 19, 19, 18, 18, 17, 17, 16, 16, 15, 15, 14, 14, 13, 13, 12, 12, 11, 11, 10, 10, 9, 9, 8, 8, 7, 7, 6, 6, 5, 5, 4, 4, 3, 3, 2, 2, 1, 1, 0, 0], "b_moves_left": [40, 39, 39, 38, 38, 37, 37, 36, 36, 35, 35, 34, 34, 33, 33, 32, 32, 31, 31, 30, 30, 29, 29, 28, 28, 27, 27, 26, 26, 25, 25, 24, 24, 23, 23, 22, 22, 21, 21, 20, 20, 19, 19, 18, 18, 17, 17, 16, 16, 15, 15, 14, 14, 13, 13, 12, 12, 11, 11, 10, 10, 9, 9, 8, 8, 7, 7, 6, 6, 5, 5, 4, 4, 3, 3, 2, 2, 1, 1, 0], "trapdoor_triggered": [0, 0, 0, 0, 0, 0, 0, 0, 0, 0, 0, 0, 0, 0, 0, 0, 0, 0, 0, 0, 0, 0, 0, 0, 0, 0, 0, 0, 0, 0, 0, 0, 0, 0, 0, 0, 0, 0, 0, 0, 0, 0, 0, 0, 0, 0, 0, 0, 0, 0, 0, 0, 0, 0, 0, 0, 0, 0, 0, 0, 0, 0, 0, 0, 0, 0, 0, 0, 0, 0, 0, 0, 0, 0, 0, 0, 0, 0, 0, 0], "left_behind": ["egg", "egg", "plain", "plain", "egg", "egg", "plain", "plain", "egg", "egg", "plain", "turd", "egg", "plain", "plain", "plain", "egg", "plain", "plain", "plain", "egg", "plain", "turd", "plain", "egg", "plain", "plain", "plain", "egg", "plain", "plain", "plain", "egg", "plain", "plain", "plain", "egg", "egg", "plain", "plain", "egg", "plain", "plain", "plain", "egg", "plain", "plain", "plain", "egg", "plain", "plain", "plain", "egg", "plain", "plain", "plain", "egg", "egg", "plain", "plain", "plain", "egg", "plain", "plain", "plain", "egg", "turd", "plain", "plain", "egg", "plain", "turd", "egg", "plain", "plain", "plain", "egg", "plain", "plain", "plain"], "errlog_a": "", "errlog_b": "", "start_time": 360, "start_moves": 40, "turn_count": 80, "result": 0, "reason": "EGGS_LAID", "trapdoors": [[3, 3], [5, 2]], "spawn_a": [0, 4], "spawn_b": [7, 4]}