{"pos": [[0, 5], [7, 7], [0, 4], [6, 7], [0, 3], [7, 7], [0, 2], [7, 6], [0, 1], [7, 5], [0, 0], [7, 4], [1, 0], [7, 3], [2, 0], [7, 2], [1, 0], [7, 1], [2, 0], [7, 0], [1, 0], [6, 0], [0, 0], [6, 1], [0, 1], [6, 2], [0, 0], [6, 3], [1, 0], [6, 4], [2, 0], [6, 5], [1, 0], [6, 6], [2, 0], [6, 7], [1, 0], [5, 7], [2, 0], [4, 7], [1, 0], [3, 7], [2, 0], [2, 7], [1, 0], [1, 7], [2, 0], [0, 7], [3, 0], [1, 7], [2, 0], [1, 6], [3, 0], [1, 5], [2, 0], [0, 5], [3, 0], [0, 4], [2, 0], [0, 3], [3, 0], [0, 2], [2, 0], [1, 2], [3, 0], [2, 2], [3, 1], [3, 2], [3, 0], [4, 2], [2, 0], [4, 1], [1, 0], [5, 1], [2, 0], [5, 0], [1, 0], [6, 0], [2, 0], [7, 0]], "a_eggs_laid": [1, 1, 1, 1, 1, 1, 1, 1, 1, 1, 1, 1, 1, 1, 1, 1, 1, 1, 1, 1, 1, 1, 1, 1, 1, 1, 1, 1, 1, 1, 1, 1, 1, 1, 1, 1, 1, 1, 1, 1, 1, 1, 1, 1, 1, 1, 1, 1, 1, 1, 1, 1, 1, 1, 1, 1, 1, 1, 1, 1, 1, 1, 1, 1, 1, 1, 1, 1, 1, 1, 1, 1, 1, 1, 1, 1, 1, 1, 1, 1], "b_eggs_laid": [0, 1, 1, 1, 1, 2, 2, 2, 2, 2, 2, 2, 2, 3, 3, 3, 3, 4, 4, 4, 4, 7, 7, 7, 7, 8, 8, 8, 8, 8, 8, 8, 8, 8, 8, 8, 8, 8, 8, 8, 8, 9, 9, 9, 9, 10, 10, 10, 10, 13, 13, 13, 13, 14, 14, 14, 14, 15, 15, 15, 15, 16, 16, 16, 16, 17, 17, 17, 17, 18, 18, 18, 18, 19, 19, 19, 19, 20, 20, 20], "a_turds_left": [5, 5, 5, 5, 5, 5, 5, 5, 5, 5, 5, 5, 4, 4, 3, 3, 3, 3, 3, 3, 3, 3, 3, 3, 3, 3, 3, 3, 3, 3, 3, 3, 3, 3, 3, 3, 3, 3, 3, 3, 3, 3, 3, 3, 2, 2, 2, 2, 2, 2, 2, 2, 2, 2, 2, 2, 2, 2, 2, 2, 2, 2, 2, 2, 2, 2, 1, 1, 1, 1, 1, 1, 1, 1, 1, 1, 1, 1, 1, 1], "b_turds_left": [5, 5, 5, 5, 5, 5, 5, 5, 5, 5, 5, 5, 5, 5, 5, 5, 5, 5, 5, 5, 5, 5, 5, 5, 5, 5, 5, 5, 5, 5, 5, 5, 5, 5, 5, 5, 5, 5, 5, 5, 5, 5, 5, 5, 5, 5, 5, 5, 5, 5, 5, 5, 5, 5, 5, 5, 5, 5, 5, 5, 5, 5, 5, 4, 4, 4, 4, 3, 3, 3, 3, 2, 2, 2, 2, 1, 1, 1, 1, 1], "a_time_left": [359.9090683000395, 359.9090683000395, 359.8690216000541, 359.8690216000541, 359.7893882000353, 359.7893882000353, 359.7378042000928, 359.7378042000928, 359.691674300062, 359.691674300062, 359.58284970006207, 359.58284970006207, 359.51319180009887, 359.51319180009887, 359.43195590010146, 359.43195590010146, 359.33917430014117, 359.33917430014117, 359.29922340012854, 359.29922340012854, 359.20277640013956, 359.20277640013956, 359.1562412001076, 359.1562412001076, 359.1306692001526, 359.1306692001526, 359.0973443001276, 359.0973443001276, 359.06820690009044, 359.06820690009044, 359.01127750007436, 359.01127750007436, 358.8960296000587, 358.8960296000587, 358.8060838000383, 358.8060838000383, 358.7247814000584, 358.7247814000584, 358.65272660006303, 358.65272660006303, 358.5107090000529, 358.5107090000529, 358.45610980002675, 358.45610980002675, 358.2595002000453, 358.2595002000453, 358.222822300042, 358.222822300042, 358.2030595000833, 358.2030595000833, 358.0969834001153, 358.0969834001153, 358.05915820010705, 358.05915820010705, 357.9172777000931, 357.9172777000931, 357.8822985001025, 357.8822985001025, 357.77073110011406, 357.77073110011406, 357.7353077001171, 357.7353077001171, 357.6476184001658, 357.6476184001658, 357.6080010001897, 357.6080010001897, 357.59143410017714, 357.59143410017714, 357.5437302001519, 357.5437302001519, 357.51041110017104, 357.51041110017104, 357.4934445002, 357.4934445002, 357.46344370022416, 357.46344370022416, 357.4444924002164, 357.4444924002164, 357.4431882001809, 357.4431882001809], "b_time_left": [360, 359.99814069998683, 359.99814069998683, 359.9969046000042, 359.9969046000042, 359.99553380004363, 359.99553380004363, 359.9942814000533, 359.9942814000533, 359.99340630008373, 359.99340630008373, 359.9918075000751, 359.9918075000751, 359.99092040007235, 359.99092040007235, 359.9890026000794, 359.9890026000794, 359.9881005000789, 359.9881005000789, 359.98637670004973, 359.98637670004973, 359.98569340002723, 359.98569340002723, 359.9839963000268, 359.9839963000268, 359.9828752000467, 359.9828752000467, 359.9807917000726, 359.9807917000726, 359.9779496000847, 359.9779496000847, 359.9754407000728, 359.9754407000728, 359.97283160005463, 359.97283160005463, 359.9712708000443, 359.9712708000443, 359.97038680006517, 359.97038680006517, 359.9685909000691, 359.9685909000691, 359.96801430004416, 359.96801430004416, 359.9661180000403, 359.9661180000403, 359.9652627000469, 359.9652627000469, 359.9642231000471, 359.9642231000471, 359.96375930006616, 359.96375930006616, 359.9624213000643, 359.9624213000643, 359.96156090009026, 359.96156090009026, 359.95991910010343, 359.95991910010343, 359.9591890000738, 359.9591890000738, 359.9578465000959, 359.9578465000959, 359.95686480012955, 359.95686480012955, 359.95516290009255, 359.95516290009255, 359.95417380006984, 359.95417380006984, 359.9523701000726, 359.9523701000726, 359.9514210000634, 359.9514210000634, 359.94938790006563, 359.94938790006563, 359.9488636000897, 359.9488636000897, 359.9466080000857, 359.9466080000857, 359.9454615000868, 359.9454615000868, 359.9437074000598], "a_moves_left": [39, 39, 38, 38, 37, 37, 36, 36, 35, 35, 34, 34, 33, 33, 32, 32, 31, 31, 30, 30, 29, 29, 28, 28, 27, 27, 26, 26, 25, 25, 24, 24, 23, 23, 22, 22, 21, 21, 20, 20, 19, 19, 18, 18, 17, 17, 16, 16, 15, 15, 14, 14, 13, 13, 12, 12, 11, 11, 10, 10, 9, 9, 8, 8, 7, 7, 6, 6, 5, 5, 4, 4, 3, 3, 2, 2, 1, 1, 0, 0], "b_moves_left": [40, 39, 39, 38, 38, 37, 37, 36, 36, 35, 35, 34, 34, 33, 33, 32, 32, 31, 31, 30, 30, 29, 29, 28, 28, 27, 27, 26, 26, 25, 25, 24, 24, 23, 23, 22, 22, 21, 21, 20, 20, 19, 19, 18, 18, 17, 17, 16, 16, 15, 15, 14, 14, 13, 13, 12, 12, 11, 11, 10, 10, 9, 9, 8, 8, 7, 7, 6, 6, 5, 5, 4, 4, 3, 3, 2, 2, 1, 1, 0], "trapdoor_triggered": [0, 0, 0, 0, 0, 0, 0, 0, 0, 0, 0, 0, 0, 0, 0, 0, 0, 0, 0, 0, 0, 0, 0, 0, 0, 0, 0, 0, 0, 0, 0, 0, 0, 0, 0, 0, 0, 0, 0, 0, 0, 0, 0, 0, 0, 0, 0, 0, 0, 0, 0, 0, 0, 0, 0, 0, 0, 0, 0, 0, 0, 0, 0, 0, 0, 0, 0, 0, 0, 0, 0, 0, 0, 0, 0, 0, 0, 0, 0, 0], "left_behind": ["egg", "egg", "plain", "plain", "plain", "egg", "plain", "plain", "plain", "plain", "plain", "plain", "turd", "egg", "turd", "plain", "plain", "egg", "plain", "plain", "plain", "egg", "plain", "plain", "plain", "egg", "plain", "plain", "plain", "plain", "plain", "plain", "plain", "plain", "plain", "plain", "plain", "plain", "plain", "plain", "plain", "egg", "plain", "plain", "turd", "egg", "plain", "plain", "plain", "egg", "plain", "plain", "plain", "egg", "plain", "plain", "plain", "egg", "plain", "plain", "plain", "egg", "plain", "turd", "plain", "egg", "turd", "turd", "plain", "egg", "plain", "turd", "plain", "egg", "plain", "turd", "plain", "egg", "plain", "plain"], "errlog_a": "", "errlog_b": "", "start_time": 360, "start_moves": 40, "turn_count": 80, "result": 1, "reason": "EGGS_LAID", "trapdoors": [[3, 3], [5, 4]], "spawn_a": [0, 6], "spawn_b": [7, 6]}