{"pos": [[2, 1], [2, 6], [3, 1], [3, 6], [4, 1], [3, 5], [4, 2], [4, 5], [5, 2], [3, 5], [5, 3], [3, 4], [4, 3], [3, 3], [3, 3], [2, 6], [2, 1], [2, 5], [2, 2], [1, 5], [2, 1], [1, 4], [1, 1], [1, 5], [1, 2], [1, 6], [1, 3], [1, 5], [2, 3], [0, 5], [3, 3], [0, 4], [3, 0], [0, 3], [4, 0], [0, 2], [5, 0], [1, 2], [5, 1], [0, 2], [6, 1], [0, 1], [6, 2], [0, 2], [6, 3], [0, 3], [7, 3], [0, 4], [7, 4], [1, 4], [6, 4], [2, 4], [6, 5], [2, 3], [5, 5], [2, 4], [6, 5], [2, 3], [6, 6], [3, 3], [7, 6], [3, 7], [7, 7], [4, 7], [7, 6], [4, 6], [7, 5], [5, 6], [6, 5], [4, 6], [5, 5], [4, 5], [6, 5], [4, 4], [5, 5], [4, 5], [6, 5], [4, 4], [6, 6], [4, 5]], "a_eggs_laid": [1, 1, 1, 1, 2, 2, 2, 2, 3, 3, 3, 3, 3, 3, 7, 7, 7, 7, 7, 7, 8, 8, 8, 8, 9, 9, 9, 9, 10, 10, 10, 10, 10, 10, 10, 10, 11, 11, 11, 11, 12, 12, 12, 12, 13, 13, 13, 13, 14, 14, 14, 14, 15, 15, 15, 15, 16, 16, 16, 16, 21, 21, 21, 21, 24, 24, 24, 24, 24, 24, 24, 24, 24, 24, 24, 24, 24, 24, 24, 24], "b_eggs_laid": [0, 1, 1, 1, 1, 2, 2, 2, 2, 3, 3, 3, 3, 4, 4, 8, 8, 8, 8, 9, 9, 9, 9, 10, 10, 10, 10, 11, 11, 11, 11, 16, 16, 16, 16, 17, 17, 17, 17, 18, 18, 18, 18, 19, 19, 19, 19, 19, 19, 19, 19, 19, 19, 19, 19, 20, 20, 20, 20, 20, 20, 20, 20, 20, 20, 21, 21, 21, 21, 22, 22, 22, 22, 22, 22, 22, 22, 22, 22, 22], "a_turds_left": [5, 5, 5, 5, 5, 5, 5, 5, 5, 5, 5, 5, 4, 4, 4, 4, 4, 4, 4, 4, 4, 4, 4, 4, 4, 4, 4, 4, 4, 4, 4, 4, 4, 4, 4, 4, 4, 4, 4, 4, 4, 4, 4, 4, 4, 4, 4, 4, 4, 4, 4, 4, 4, 4, 4, 4, 4, 4, 4, 4, 4, 4, 4, 4, 4, 4, 4, 4, 3, 3, 3, 3, 3, 3, 3, 3, 3, 3, 3, 3], "b_turds_left": [5, 5, 5, 5, 5, 5, 5, 5, 5, 5, 5, 5, 5, 5, 5, 5, 5, 5, 5, 5, 5, 5, 5, 5, 5, 5, 5, 5, 5, 5, 5, 5, 5, 5, 5, 5, 5, 5, 5, 5, 5, 5, 5, 5, 5, 5, 5, 5, 5, 5, 5, 5, 5, 5, 5, 5, 5, 5, 5, 5, 5, 5, 5, 5, 5, 5, 5, 5, 5, 5, 5, 5, 5, 5, 5, 4, 4, 4, 4, 4], "a_time_left": [359.9167457999429, 359.9167457999429, 359.78465059993323, 359.78465059993323, 359.63854760001414, 359.63854760001414, 359.49283030000515, 359.49283030000515, 359.31325300002936, 359.31325300002936, 359.1083187001059, 359.1083187001059, 359.10736150003504, 359.10736150003504, 359.03985950013157, 359.03985950013157, 358.9160915001994, 358.9160915001994, 358.7186391002033, 358.7186391002033, 358.57530400017276, 358.57530400017276, 358.42901580012403, 358.42901580012403, 358.30724280013237, 358.30724280013237, 358.22822370019276, 358.22822370019276, 358.1410038000904, 358.1410038000904, 358.0233260000823, 358.0233260000823, 357.97005680017173, 357.97005680017173, 357.90232690016273, 357.90232690016273, 357.85483450011816, 357.85483450011816, 357.8251655001659, 357.8251655001659, 357.7466100001475, 357.7466100001475, 357.6854400001466, 357.6854400001466, 357.62846010015346, 357.62846010015346, 357.58199260011315, 357.58199260011315, 357.52595430018846, 357.52595430018846, 357.4654901002068, 357.4654901002068, 357.34857160027605, 357.34857160027605, 357.2517002002569, 357.2517002002569, 357.2038128002314, 357.2038128002314, 357.1682293001795, 357.1682293001795, 357.1183759002015, 357.1183759002015, 357.0858648001449, 357.0858648001449, 357.02948390017264, 357.02948390017264, 356.96243750024587, 356.96243750024587, 356.9614475002745, 356.9614475002745, 356.9228309002938, 356.9228309002938, 356.8972348002717, 356.8972348002717, 356.8757237002719, 356.8757237002719, 356.85700970026664, 356.85700970026664, 356.85341390024405, 356.85341390024405], "b_time_left": [360, 359.90302800002974, 359.90302800002974, 359.7596801001346, 359.7596801001346, 359.6259296000935, 359.6259296000935, 359.4833870001603, 359.4833870001603, 359.34884140011854, 359.34884140011854, 359.19316830008756, 359.19316830008756, 359.1131910000695, 359.1131910000695, 359.07459610013757, 359.07459610013757, 359.0048716000747, 359.0048716000747, 358.7228462001076, 358.7228462001076, 358.5729767001467, 358.5729767001467, 358.39308960014023, 358.39308960014023, 358.268487600144, 358.268487600144, 358.1454959001858, 358.1454959001858, 358.0595721002901, 358.0595721002901, 358.00249980029184, 358.00249980029184, 357.97205410024617, 357.97205410024617, 357.8957421001978, 357.8957421001978, 357.8407576001482, 357.8407576001482, 357.80415550025646, 357.80415550025646, 357.757618100266, 357.757618100266, 357.6866153002484, 357.6866153002484, 357.62096070020925, 357.62096070020925, 357.54092870024033, 357.54092870024033, 357.4780000002356, 357.4780000002356, 357.35272470023483, 357.35272470023483, 357.3101604002295, 357.3101604002295, 357.2443885002285, 357.2443885002285, 357.1979867002228, 357.1979867002228, 357.15951060014777, 357.15951060014777, 357.0924795001047, 357.0924795001047, 357.05099930008873, 357.05099930008873, 356.99495450011455, 356.99495450011455, 356.92578270018566, 356.92578270018566, 356.8912665002281, 356.8912665002281, 356.8650684001623, 356.8650684001623, 356.83830760011915, 356.83830760011915, 356.8265863000415, 356.8265863000415, 356.8209143000422, 356.8209143000422, 356.81971290009096], "a_moves_left": [39, 39, 38, 38, 37, 37, 36, 36, 35, 35, 34, 34, 33, 33, 32, 32, 31, 31, 30, 30, 29, 29, 28, 28, 27, 27, 26, 26, 25, 25, 24, 24, 23, 23, 22, 22, 21, 21, 20, 20, 19, 19, 18, 18, 17, 17, 16, 16, 15, 15, 14, 14, 13, 13, 12, 12, 11, 11, 10, 10, 9, 9, 8, 8, 7, 7, 6, 6, 5, 5, 4, 4, 3, 3, 2, 2, 1, 1, 0, 0], "b_moves_left": [40, 39, 39, 38, 38, 37, 37, 36, 36, 35, 35, 34, 34, 33, 33, 32, 32, 31, 31, 30, 30, 29, 29, 28, 28, 27, 27, 26, 26, 25, 25, 24, 24, 23, 23, 22, 22, 21, 21, 20, 20, 19, 19, 18, 18, 17, 17, 16, 16, 15, 15, 14, 14, 13, 13, 12, 12, 11, 11, 10, 10, 9, 9, 8, 8, 7, 7, 6, 6, 5, 5, 4, 4, 3, 3, 2, 2, 1, 1, 0], "trapdoor_triggered": [0, 0, 0, 0, 0, 0, 0, 0, 0, 0, 0, 0, 0, 1, 1, 0, 0, 0, 0, 0, 0, 0, 0, 0, 0, 0, 0, 0, 0, 0, 1, 0, 0, 0, 0, 0, 0, 0, 0, 0, 0, 0, 0, 0, 0, 0, 0, 0, 0, 0, 0, 0, 0, 0, 0, 0, 0, 0, 0, 1, 0, 0, 0, 0, 0, 0, 0, 0, 0, 0, 0, 0, 0, 0, 0, 0, 0, 0, 0, 0], "left_behind": ["egg", "egg", "plain", "plain", "egg", "egg", "plain", "plain", "egg", "egg", "plain", "plain", "turd", "egg", "plain", "plain", "plain", "plain", "plain", "egg", "egg", "plain", "plain", "egg", "egg", "plain", "plain", "egg", "egg", "plain", "plain", "egg", "plain", "plain", "plain", "egg", "egg", "plain", "plain", "egg", "egg", "plain", "plain", "egg", "egg", "plain", "plain", "plain", "egg", "plain", "plain", "plain", "egg", "plain", "plain", "egg", "egg", "plain", "plain", "plain", "egg", "plain", "plain", "plain", "egg", "egg", "plain", "plain", "turd", "egg", "plain", "plain", "plain", "plain", "plain", "turd", "plain", "plain", "plain", "plain"], "errlog_a": "", "errlog_b": "", "start_time": 360, "start_moves": 40, "turn_count": 80, "result": 0, "reason": "EGGS_LAID", "trapdoors": [[3, 3], [3, 2]], "spawn_a": [2, 0], "spawn_b": [2, 7]}