{"pos": [[1, 2], [7, 1], [1, 3], [7, 0], [1, 4], [7, 1], [2, 4], [7, 0], [3, 4], [7, 1], [0, 2], [7, 0], [1, 2], [7, 1], [2, 2], [6, 1], [3, 2], [5, 1], [4, 2], [4, 1], [5, 2], [5, 1], [5, 3], [5, 2], [5, 4], [6, 2], [6, 4], [6, 3], [5, 4], [7, 3], [4, 4], [7, 2], [5, 4], [7, 3], [5, 5], [7, 4], [6, 5], [7, 5], [6, 6], [7, 6], [5, 6], [7, 7], [5, 7], [6, 7], [4, 7], [7, 7], [4, 6], [7, 6], [3, 6], [7, 5], [3, 7], [7, 4], [3, 6], [7, 3], [2, 6], [7, 4], [2, 5], [7, 3], [1, 5], [6, 3], [2, 5], [6, 2], [2, 4], [6, 1], [2, 3], [6, 0], [3, 3], [6, 1], [3, 4], [6, 2], [4, 4], [5, 2], [4, 5], [5, 1], [5, 5], [5, 0], [4, 5], [6, 0], [4, 6], [5, 0]], "a_eggs_laid": [1, 1, 1, 1, 2, 2, 2, 2, 3, 3, 3, 3, 3, 3, 3, 3, 4, 4, 4, 4, 4, 4, 4, 4, 5, 5, 5, 5, 6, 6, 6, 6, 7, 7, 7, 7, 7, 7, 7, 7, 8, 8, 8, 8, 9, 9, 9, 9, 10, 10, 10, 10, 11, 11, 11, 11, 12, 12, 12, 12, 13, 13, 13, 13, 13, 13, 13, 13, 14, 14, 14, 14, 14, 14, 14, 14, 14, 14, 14, 14], "b_eggs_laid": [0, 0, 0, 0, 0, 0, 0, 0, 0, 0, 0, 4, 4, 4, 4, 4, 4, 4, 4, 4, 4, 4, 4, 4, 4, 4, 4, 4, 4, 4, 4, 4, 4, 4, 4, 4, 4, 4, 4, 4, 4, 4, 4, 4, 4, 4, 4, 4, 4, 4, 4, 4, 4, 4, 4, 4, 4, 4, 4, 4, 4, 4, 4, 4, 4, 4, 4, 4, 4, 4, 4, 4, 4, 4, 4, 4, 4, 4, 4, 4], "a_turds_left": [5, 5, 5, 5, 5, 5, 5, 5, 5, 5, 5, 5, 5, 5, 5, 5, 5, 5, 4, 4, 4, 4, 4, 4, 4, 4, 4, 4, 4, 4, 4, 4, 4, 4, 4, 4, 3, 3, 3, 3, 3, 3, 3, 3, 3, 3, 3, 3, 3, 3, 3, 3, 3, 3, 3, 3, 3, 3, 3, 3, 3, 3, 2, 2, 2, 2, 2, 2, 2, 2, 1, 1, 1, 1, 0, 0, 0, 0, 0, 0], "b_turds_left": [5, 4, 4, 3, 3, 2, 2, 2, 2, 2, 2, 2, 2, 2, 2, 2, 2, 1, 1, 1, 1, 1, 1, 1, 1, 1, 1, 1, 1, 1, 1, 1, 1, 1, 1, 1, 1, 1, 1, 1, 1, 1, 1, 1, 1, 1, 1, 1, 1, 1, 1, 1, 1, 1, 1, 1, 1, 1, 1, 1, 1, 1, 1, 1, 1, 1, 1, 1, 1, 1, 1, 1, 1, 1, 1, 1, 1, 1, 1, 1], "a_time_left": [359.56561699998565, 359.56561699998565, 359.32388429995626, 359.32388429995626, 358.9935759998625, 358.9935759998625, 358.80698319978546, 358.80698319978546, 358.6735870997654, 358.6735870997654, 358.4071952997474, 358.4071952997474, 358.37370429967996, 358.37370429967996, 358.2097176996758, 358.2097176996758, 357.62579949968494, 357.62579949968494, 357.62460649968125, 357.62460649968125, 357.45235659962054, 357.45235659962054, 357.3427690996323, 357.3427690996323, 357.17234049970284, 357.17234049970284, 356.93025619979016, 356.93025619979016, 356.77523229969665, 356.77523229969665, 356.5301973996684, 356.5301973996684, 356.4018628996564, 356.4018628996564, 356.24597009969875, 356.24597009969875, 356.2447595996782, 356.2447595996782, 356.1895106997108, 356.1895106997108, 356.03152219962794, 356.03152219962794, 355.8882861996535, 355.8882861996535, 355.81441639969125, 355.81441639969125, 355.697095999727, 355.697095999727, 355.3521424997598, 355.3521424997598, 355.1660389996832, 355.1660389996832, 354.914133799728, 354.914133799728, 354.63715449976735, 354.63715449976735, 354.2874306997983, 354.2874306997983, 354.0367085997714, 354.0367085997714, 353.6368358997861, 353.6368358997861, 353.43438549980056, 353.43438549980056, 353.3581148998346, 353.3581148998346, 353.18564139981754, 353.18564139981754, 352.88547609979287, 352.88547609979287, 352.70130929979496, 352.70130929979496, 352.5130567997694, 352.5130567997694, 352.30151039967313, 352.30151039967313, 352.15180899971165, 352.15180899971165, 352.148710699752, 352.148710699752], "b_time_left": [360, 357.99777460005134, 357.99777460005134, 356.6711641000584, 356.6711641000584, 355.28928570006974, 355.28928570006974, 353.88979210006073, 353.88979210006073, 353.14241370011587, 353.14241370011587, 352.5367050000932, 352.5367050000932, 351.3544469001936, 351.3544469001936, 349.6494763001101, 349.6494763001101, 347.6474319001427, 347.6474319001427, 346.7288208001992, 346.7288208001992, 346.21887360024266, 346.21887360024266, 344.57730870030355, 344.57730870030355, 343.50844370026607, 343.50844370026607, 342.04785500024445, 342.04785500024445, 341.2958617002005, 341.2958617002005, 340.0454875002615, 340.0454875002615, 339.4885400002822, 339.4885400002822, 338.70856730034575, 338.70856730034575, 338.45983320032246, 338.45983320032246, 338.23881130025256, 338.23881130025256, 337.85146800021175, 337.85146800021175, 337.44160520029254, 337.44160520029254, 337.1411783003714, 337.1411783003714, 336.66960210038815, 336.66960210038815, 336.1437617003685, 336.1437617003685, 335.557826500386, 335.557826500386, 335.1283801004756, 335.1283801004756, 334.2845557004912, 334.2845557004912, 333.9110651004594, 333.9110651004594, 333.0214762004325, 333.0214762004325, 332.44891290040687, 332.44891290040687, 331.998053000425, 331.998053000425, 331.1297138003865, 331.1297138003865, 329.92327010037843, 329.92327010037843, 328.82817390037235, 328.82817390037235, 328.5752140004188, 328.5752140004188, 327.87697230034973, 327.87697230034973, 327.5790190004045, 327.5790190004045, 327.4735024004476, 327.4735024004476, 327.4597200003918], "a_moves_left": [39, 39, 38, 38, 37, 37, 36, 36, 35, 35, 34, 34, 33, 33, 32, 32, 31, 31, 30, 30, 29, 29, 28, 28, 27, 27, 26, 26, 25, 25, 24, 24, 23, 23, 22, 22, 21, 21, 20, 20, 19, 19, 18, 18, 17, 17, 16, 16, 15, 15, 14, 14, 13, 13, 12, 12, 11, 11, 10, 10, 9, 9, 8, 8, 7, 7, 6, 6, 5, 5, 4, 4, 3, 3, 2, 2, 1, 1, 0, 0], "b_moves_left": [40, 39, 39, 38, 38, 37, 37, 36, 36, 35, 35, 34, 34, 33, 33, 32, 32, 31, 31, 30, 30, 29, 29, 28, 28, 27, 27, 26, 26, 25, 25, 24, 24, 23, 23, 22, 22, 21, 21, 20, 20, 19, 19, 18, 18, 17, 17, 16, 16, 15, 15, 14, 14, 13, 13, 12, 12, 11, 11, 10, 10, 9, 9, 8, 8, 7, 7, 6, 6, 5, 5, 4, 4, 3, 3, 2, 2, 1, 1, 0], "trapdoor_triggered": [0, 0, 0, 0, 0, 0, 0, 0, 0, 0, 1, 0, 0, 0, 0, 0, 0, 0, 0, 0, 0, 0, 0, 0, 0, 0, 0, 0, 0, 0, 0, 0, 0, 0, 0, 0, 0, 0, 0, 0, 0, 0, 0, 0, 0, 0, 0, 0, 0, 0, 0, 0, 0, 0, 0, 0, 0, 0, 0, 0, 0, 0, 0, 0, 0, 0, 0, 0, 0, 0, 0, 0, 0, 0, 0, 0, 0, 0, 0, 0], "left_behind": ["egg", "turd", "plain", "turd", "egg", "turd", "plain", "plain", "egg", "plain", "plain", "plain", "plain", "plain", "plain", "plain", "egg", "turd", "turd", "plain", "plain", "plain", "plain", "plain", "egg", "plain", "plain", "plain", "egg", "plain", "plain", "plain", "egg", "plain", "plain", "plain", "turd", "plain", "plain", "plain", "egg", "plain", "plain", "plain", "egg", "plain", "plain", "plain", "egg", "plain", "plain", "plain", "egg", "plain", "plain", "plain", "egg", "plain", "plain", "plain", "egg", "plain", "turd", "plain", "plain", "plain", "plain", "plain", "egg", "plain", "turd", "plain", "plain", "plain", "turd", "plain", "plain", "plain", "plain", "plain"], "errlog_a": "", "errlog_b": "", "start_time": 360, "start_moves": 40, "turn_count": 80, "result": 0, "reason": "EGGS_LAID", "trapdoors": [[3, 5], [4, 3]], "spawn_a": [0, 2], "spawn_b": [7, 2]}