{"pos": [[7, 4], [1, 3], [6, 4], [1, 4], [6, 5], [2, 4], [6, 4], [3, 4], [6, 3], [4, 4], [6, 2], [4, 3], [5, 2], [4, 4], [4, 2], [0, 3], [3, 2], [1, 3], [2, 2], [2, 3], [2, 1], [2, 4], [3, 1], [2, 5], [4, 1], [3, 5], [5, 1], [4, 5], [5, 2], [5, 5], [5, 1], [0, 3], [5, 2], [1, 3], [6, 2], [1, 2], [6, 3], [1, 1], [7, 3], [2, 1], [6, 3], [2, 0], [7, 3], [3, 0], [6, 3], [2, 0], [6, 4], [1, 0], [6, 5], [1, 1], [5, 5], [0, 1], [5, 6], [1, 1], [4, 6], [1, 2], [5, 6], [1, 3], [5, 7], [2, 3], [6, 7], [2, 4], [7, 7], [3, 4], [7, 6], [3, 5], [6, 6], [3, 6], [7, 6], [2, 6], [7, 5], [2, 7], [6, 5], [2, 6], [5, 5], [1, 6], [6, 5], [2, 6], [6, 6], [3, 6]], "a_eggs_laid": [1, 1, 1, 1, 1, 1, 1, 1, 2, 2, 2, 2, 2, 2, 2, 2, 7, 7, 7, 7, 8, 8, 8, 8, 9, 9, 9, 9, 10, 10, 10, 10, 14, 14, 14, 14, 14, 14, 14, 14, 14, 14, 14, 14, 14, 14, 14, 14, 14, 14, 14, 14, 15, 15, 15, 15, 16, 16, 16, 16, 17, 17, 17, 17, 20, 20, 20, 20, 21, 21, 21, 21, 22, 22, 22, 22, 22, 22, 22, 22], "b_eggs_laid": [0, 1, 1, 1, 1, 2, 2, 2, 2, 3, 3, 3, 3, 4, 4, 4, 4, 4, 4, 4, 4, 5, 5, 5, 5, 6, 6, 6, 6, 7, 7, 7, 7, 7, 7, 7, 7, 8, 8, 8, 8, 9, 9, 13, 13, 14, 14, 14, 14, 15, 15, 15, 15, 16, 16, 16, 16, 16, 16, 16, 16, 16, 16, 16, 16, 16, 16, 16, 16, 17, 17, 17, 17, 18, 18, 18, 18, 19, 19, 19], "a_turds_left": [5, 5, 5, 5, 5, 5, 5, 5, 5, 5, 4, 4, 3, 3, 2, 2, 2, 2, 1, 1, 1, 1, 1, 1, 1, 1, 1, 1, 1, 1, 1, 1, 1, 1, 1, 1, 1, 1, 1, 1, 1, 1, 1, 1, 1, 1, 1, 1, 1, 1, 1, 1, 1, 1, 1, 1, 1, 1, 1, 1, 1, 1, 1, 1, 1, 1, 1, 1, 1, 1, 1, 1, 1, 1, 1, 1, 1, 1, 1, 1], "b_turds_left": [5, 5, 5, 5, 5, 5, 5, 5, 5, 5, 5, 5, 5, 5, 5, 5, 5, 5, 5, 5, 5, 5, 5, 5, 5, 5, 5, 5, 5, 5, 5, 5, 5, 5, 5, 5, 5, 5, 5, 5, 5, 5, 5, 5, 5, 5, 5, 5, 5, 5, 5, 5, 5, 5, 5, 5, 5, 5, 5, 5, 5, 5, 5, 5, 5, 5, 5, 5, 5, 5, 5, 5, 5, 5, 5, 5, 5, 5, 5, 5], "a_time_left": [359.62171660002787, 359.62171660002787, 359.17685380007606, 359.17685380007606, 358.4716614000499, 358.4716614000499, 357.84936750005, 357.84936750005, 356.9839199001435, 356.9839199001435, 356.5323890001746, 356.5323890001746, 356.53119040024467, 356.53119040024467, 356.13025550032035, 356.13025550032035, 356.00909010029864, 356.00909010029864, 356.0074046003865, 356.0074046003865, 355.6747842003824, 355.6747842003824, 355.3618617004249, 355.3618617004249, 354.72694880049676, 354.72694880049676, 354.4091585004935, 354.4091585004935, 353.78864390053786, 353.78864390053786, 353.5436106005218, 353.5436106005218, 353.48370320058893, 353.48370320058893, 353.3460813006386, 353.3460813006386, 353.1247720007086, 353.1247720007086, 352.88129650079645, 352.88129650079645, 352.79676060087513, 352.79676060087513, 352.69392930087633, 352.69392930087633, 352.57194810081273, 352.57194810081273, 352.48061170079745, 352.48061170079745, 352.2662392008351, 352.2662392008351, 352.05181090079714, 352.05181090079714, 351.75481630081777, 351.75481630081777, 351.6408485007705, 351.6408485007705, 351.54335800069384, 351.54335800069384, 351.426150900661, 351.426150900661, 351.35273930069525, 351.35273930069525, 351.2688409007387, 351.2688409007387, 351.1998413008405, 351.1998413008405, 351.06743460090365, 351.06743460090365, 350.6009519009385, 350.6009519009385, 350.4355805008672, 350.4355805008672, 350.1221704009222, 350.1221704009222, 349.9335619008634, 349.9335619008634, 349.7182481008349, 349.7182481008349, 349.70984220085666, 349.70984220085666], "b_time_left": [360, 359.8967512999661, 359.8967512999661, 359.7397857999895, 359.7397857999895, 359.5712819000473, 359.5712819000473, 359.38925360003486, 359.38925360003486, 359.2593362000771, 359.2593362000771, 359.10077800008, 359.10077800008, 358.9804864000762, 358.9804864000762, 358.83442640013527, 358.83442640013527, 358.7605921002105, 358.7605921002105, 358.71764860022813, 358.71764860022813, 358.64712640014477, 358.64712640014477, 358.5376088001067, 358.5376088001067, 358.4360395000549, 358.4360395000549, 358.28809290006757, 358.28809290006757, 358.19843060011044, 358.19843060011044, 358.0536467001075, 358.0536467001075, 358.03121340007056, 358.03121340007056, 357.98082590010017, 357.98082590010017, 357.86915990011767, 357.86915990011767, 357.81251650012564, 357.81251650012564, 357.7468591001816, 357.7468591001816, 357.70680250017904, 357.70680250017904, 357.65285750024486, 357.65285750024486, 357.6029916002881, 357.6029916002881, 357.5109127003234, 357.5109127003234, 357.41635270032566, 357.41635270032566, 357.3603168003028, 357.3603168003028, 357.297599500278, 357.297599500278, 357.2537656002678, 357.2537656002678, 357.22076830023434, 357.22076830023434, 357.19844740023836, 357.19844740023836, 357.16336930019315, 357.16336930019315, 357.1038758001523, 357.1038758001523, 357.0234396001324, 357.0234396001324, 356.95326260023285, 356.95326260023285, 356.8788574002683, 356.8788574002683, 356.8125759002287, 356.8125759002287, 356.75351600022987, 356.75351600022987, 356.7376324002398, 356.7376324002398, 356.7354772002436], "a_moves_left": [39, 39, 38, 38, 37, 37, 36, 36, 35, 35, 34, 34, 33, 33, 32, 32, 31, 31, 30, 30, 29, 29, 28, 28, 27, 27, 26, 26, 25, 25, 24, 24, 23, 23, 22, 22, 21, 21, 20, 20, 19, 19, 18, 18, 17, 17, 16, 16, 15, 15, 14, 14, 13, 13, 12, 12, 11, 11, 10, 10, 9, 9, 8, 8, 7, 7, 6, 6, 5, 5, 4, 4, 3, 3, 2, 2, 1, 1, 0, 0], "b_moves_left": [40, 39, 39, 38, 38, 37, 37, 36, 36, 35, 35, 34, 34, 33, 33, 32, 32, 31, 31, 30, 30, 29, 29, 28, 28, 27, 27, 26, 26, 25, 25, 24, 24, 23, 23, 22, 22, 21, 21, 20, 20, 19, 19, 18, 18, 17, 17, 16, 16, 15, 15, 14, 14, 13, 13, 12, 12, 11, 11, 10, 10, 9, 9, 8, 8, 7, 7, 6, 6, 5, 5, 4, 4, 3, 3, 2, 2, 1, 1, 0], "trapdoor_triggered": [0, 0, 0, 0, 0, 0, 0, 0, 0, 0, 0, 0, 0, 0, 0, 1, 0, 0, 0, 0, 0, 0, 0, 0, 0, 0, 0, 0, 0, 0, 0, 1, 0, 0, 0, 0, 0, 0, 0, 0, 0, 0, 1, 0, 0, 0, 0, 0, 0, 0, 0, 0, 0, 0, 0, 0, 0, 0, 0, 0, 0, 0, 0, 0, 0, 0, 0, 0, 0, 0, 0, 0, 0, 0, 0, 0, 0, 0, 0, 0], "left_behind": ["egg", "egg", "plain", "plain", "plain", "egg", "plain", "plain", "egg", "egg", "turd", "plain", "turd", "egg", "turd", "plain", "egg", "plain", "turd", "plain", "egg", "egg", "plain", "plain", "egg", "egg", "plain", "plain", "egg", "egg", "plain", "plain", "plain", "plain", "plain", "plain", "plain", "egg", "plain", "plain", "plain", "egg", "plain", "plain", "plain", "egg", "plain", "plain", "plain", "egg", "plain", "plain", "egg", "egg", "plain", "plain", "egg", "plain", "plain", "plain", "egg", "plain", "plain", "plain", "egg", "plain", "plain", "plain", "egg", "egg", "plain", "plain", "egg", "egg", "plain", "plain", "plain", "egg", "plain", "plain"], "errlog_a": "", "errlog_b": "", "start_time": 360, "start_moves": 40, "turn_count": 80, "result": 0, "reason": "EGGS_LAID", "trapdoors": [[5, 3], [5, 4]], "spawn_a": [7, 3], "spawn_b": [0, 3]}