{"pos": [[7, 0], [0, 2], [6, 0], [0, 1], [5, 0], [0, 2], [4, 0], [1, 2], [3, 0], [2, 2], [3, 1], [2, 3], [4, 1], [1, 3], [5, 1], [2, 3], [6, 1], [3, 3], [6, 2], [2, 3], [6, 3], [1, 3], [6, 4], [2, 3], [6, 5], [2, 2], [6, 6], [2, 3], [7, 6], [2, 2], [7, 7], [2, 3], [6, 7], [2, 2], [5, 7], [2, 3], [4, 7], [2, 2], [3, 7], [2, 3], [3, 6], [2, 2], [2, 6], [3, 2], [1, 6], [4, 2], [1, 5], [5, 2], [0, 5], [4, 2], [0, 4], [4, 1], [0, 5], [4, 2], [0, 6], [5, 2], [0, 7], [5, 3], [1, 7], [4, 3], [2, 7], [4, 4], [2, 6], [4, 3], [3, 6], [4, 2], [4, 6], [3, 2], [4, 5], [2, 2], [4, 4], [1, 2], [3, 4], [2, 2], [3, 3], [3, 2], [3, 4], [4, 2], [3, 5], [5, 2]], "a_eggs_laid": [1, 1, 1, 1, 2, 2, 2, 2, 3, 3, 3, 3, 4, 4, 4, 4, 5, 5, 5, 5, 6, 6, 6, 6, 7, 7, 7, 7, 8, 8, 8, 8, 11, 11, 11, 11, 12, 12, 12, 12, 13, 13, 13, 13, 14, 14, 14, 14, 15, 15, 15, 15, 16, 16, 16, 16, 17, 17, 17, 17, 18, 18, 18, 18, 18, 18, 18, 18, 19, 19, 19, 19, 20, 20, 20, 20, 21, 21, 21, 21], "b_eggs_laid": [0, 0, 0, 0, 0, 0, 0, 0, 0, 0, 0, 0, 0, 1, 1, 1, 1, 1, 1, 1, 1, 1, 1, 1, 1, 1, 1, 1, 1, 1, 1, 1, 1, 1, 1, 1, 1, 1, 1, 1, 1, 1, 1, 1, 1, 2, 2, 2, 2, 2, 2, 2, 2, 2, 2, 2, 2, 2, 2, 2, 2, 3, 3, 3, 3, 3, 3, 3, 3, 3, 3, 3, 3, 4, 4, 4, 4, 4, 4, 4], "a_turds_left": [5, 5, 5, 5, 5, 5, 5, 5, 5, 5, 4, 4, 4, 4, 4, 4, 4, 4, 3, 3, 3, 3, 3, 3, 3, 3, 3, 3, 3, 3, 3, 3, 3, 3, 3, 3, 3, 3, 3, 3, 3, 3, 2, 2, 2, 2, 2, 2, 2, 2, 2, 2, 2, 2, 2, 2, 2, 2, 2, 2, 2, 2, 1, 1, 1, 1, 1, 1, 1, 1, 0, 0, 0, 0, 0, 0, 0, 0, 0, 0], "b_turds_left": [5, 5, 5, 4, 4, 3, 3, 3, 3, 3, 3, 2, 2, 2, 2, 1, 1, 1, 1, 1, 1, 1, 1, 1, 1, 1, 1, 1, 1, 1, 1, 1, 1, 1, 1, 1, 1, 1, 1, 1, 1, 1, 1, 1, 1, 1, 1, 0, 0, 0, 0, 0, 0, 0, 0, 0, 0, 0, 0, 0, 0, 0, 0, 0, 0, 0, 0, 0, 0, 0, 0, 0, 0, 0, 0, 0, 0, 0, 0, 0], "a_time_left": [359.9996409999985, 359.9996409999985, 359.9992775409992, 359.9992775409992, 359.99856658299905, 359.99856658299905, 359.99808933299937, 359.99808933299937, 359.99748187399746, 359.99748187399746, 359.99690216499584, 359.99690216499584, 359.9962936239972, 359.9962936239972, 359.9957645409959, 359.9957645409959, 359.99494583299384, 359.99494583299384, 359.9943909159956, 359.9943909159956, 359.9936098739963, 359.9936098739963, 359.9930402899954, 359.9930402899954, 359.9924168729958, 359.9924168729958, 359.9918874979958, 359.9918874979958, 359.9912589139967, 359.9912589139967, 359.9907098729964, 359.9907098729964, 359.9903205809969, 359.9903205809969, 359.98976220599434, 359.98976220599434, 359.9891037479938, 359.9891037479938, 359.9885684559922, 359.9885684559922, 359.9878327899896, 359.9878327899896, 359.9872243319878, 359.9872243319878, 359.986575873987, 359.986575873987, 359.9860344149856, 359.9860344149856, 359.98540370598494, 359.98540370598494, 359.98488599798657, 359.98488599798657, 359.9845257479865, 359.9845257479865, 359.9838955809864, 359.9838955809864, 359.983438622985, 359.983438622985, 359.9830691229836, 359.9830691229836, 359.9825147899828, 359.9825147899828, 359.9821337899848, 359.9821337899848, 359.981887289985, 359.981887289985, 359.9814244979825, 359.9814244979825, 359.9809293319813, 359.9809293319813, 359.9804367909819, 359.9804367909819, 359.9798623329807, 359.9798623329807, 359.97930454198286, 359.97930454198286, 359.97908691698103, 359.97908691698103, 359.9787299579839, 359.9787299579839], "b_time_left": [360, 358.4715237499986, 358.4715237499986, 356.9703917079969, 356.9703917079969, 355.46996099999524, 355.46996099999524, 353.9646812919964, 353.9646812919964, 352.4591138329961, 352.4591138329961, 350.95499999999447, 350.95499999999447, 349.4492789999931, 349.4492789999931, 347.9428239999943, 347.9428239999943, 346.4398620419961, 346.4398620419961, 344.93916087499383, 344.93916087499383, 343.43361283299237, 343.43361283299237, 341.92962699999407, 341.92962699999407, 340.425002416996, 340.425002416996, 338.92410762499276, 338.92410762499276, 337.4198951659928, 337.4198951659928, 335.9143561249948, 335.9143561249948, 334.41290029199445, 334.41290029199445, 332.90738974999476, 332.90738974999476, 331.40185495799597, 331.40185495799597, 329.8965229999958, 329.8965229999958, 328.3956926249957, 328.3956926249957, 326.8938134589953, 326.8938134589953, 325.38827925099395, 325.38827925099395, 323.88406766699336, 323.88406766699336, 322.3809247089921, 322.3809247089921, 320.87686491699424, 320.87686491699424, 319.37184262599476, 319.37184262599476, 317.86915795899404, 317.86915795899404, 316.36369312499664, 316.36369312499664, 314.8582034169958, 314.8582034169958, 313.3548884999982, 313.3548884999982, 311.8539787919981, 311.8539787919981, 310.34845962599866, 310.34845962599866, 308.84296291699866, 308.84296291699866, 307.337702083998, 307.337702083998, 305.83236116699845, 305.83236116699845, 304.3277159169993, 304.3277159169993, 302.8225731249986, 302.8225731249986, 301.31716912499905, 301.31716912499905, 299.811912666999], "a_moves_left": [39, 39, 38, 38, 37, 37, 36, 36, 35, 35, 34, 34, 33, 33, 32, 32, 31, 31, 30, 30, 29, 29, 28, 28, 27, 27, 26, 26, 25, 25, 24, 24, 23, 23, 22, 22, 21, 21, 20, 20, 19, 19, 18, 18, 17, 17, 16, 16, 15, 15, 14, 14, 13, 13, 12, 12, 11, 11, 10, 10, 9, 9, 8, 8, 7, 7, 6, 6, 5, 5, 4, 4, 3, 3, 2, 2, 1, 1, 0, 0], "b_moves_left": [40, 39, 39, 38, 38, 37, 37, 36, 36, 35, 35, 34, 34, 33, 33, 32, 32, 31, 31, 30, 30, 29, 29, 28, 28, 27, 27, 26, 26, 25, 25, 24, 24, 23, 23, 22, 22, 21, 21, 20, 20, 19, 19, 18, 18, 17, 17, 16, 16, 15, 15, 14, 14, 13, 13, 12, 12, 11, 11, 10, 10, 9, 9, 8, 8, 7, 7, 6, 6, 5, 5, 4, 4, 3, 3, 2, 2, 1, 1, 0], "trapdoor_triggered": [0, 0, 0, 0, 0, 0, 0, 0, 0, 0, 0, 0, 0, 0, 0, 0, 0, 0, 0, 0, 0, 0, 0, 0, 0, 0, 0, 0, 0, 0, 0, 0, 0, 0, 0, 0, 0, 0, 0, 0, 0, 0, 0, 0, 0, 0, 0, 0, 0, 0, 0, 0, 0, 0, 0, 0, 0, 0, 0, 0, 0, 0, 0, 0, 0, 0, 0, 0, 0, 0, 0, 0, 0, 0, 0, 0, 0, 0, 0, 0], "left_behind": ["egg", "plain", "plain", "turd", "egg", "turd", "plain", "plain", "egg", "plain", "turd", "turd", "egg", "egg", "plain", "turd", "egg", "plain", "turd", "plain", "egg", "plain", "plain", "plain", "egg", "plain", "plain", "plain", "egg", "plain", "plain", "plain", "egg", "plain", "plain", "plain", "egg", "plain", "plain", "plain", "egg", "plain", "turd", "plain", "egg", "egg", "plain", "turd", "egg", "plain", "plain", "plain", "egg", "plain", "plain", "plain", "egg", "plain", "plain", "plain", "egg", "egg", "turd", "plain", "plain", "plain", "plain", "plain", "egg", "plain", "turd", "plain", "egg", "egg", "plain", "plain", "egg", "plain", "plain", "plain"], "errlog_a": "", "errlog_b": "", "start_time": 360, "start_moves": 40, "turn_count": 80, "result": 0, "reason": "EGGS_LAID", "trapdoors": [[2, 4], [2, 5]], "spawn_a": [7, 1], "spawn_b": [0, 1]}