{"pos": [[0, 1], [6, 2], [0, 0], [6, 3], [1, 0], [6, 4], [1, 1], [5, 4], [2, 1], [4, 4], [2, 2], [4, 5], [3, 2], [3, 5], [3, 3], [3, 4], [0, 2], [2, 4], [0, 3], [1, 4], [0, 4], [1, 5], [0, 3], [2, 5], [1, 3], [2, 6], [1, 2], [3, 6], [2, 2], [4, 6], [3, 2], [5, 6], [3, 1], [6, 6], [4, 1], [6, 5], [4, 0], [7, 5], [4, 1], [7, 4], [5, 1], [7, 5], [5, 2], [7, 6], [6, 2], [7, 7], [5, 2], [6, 7], [5, 3], [5, 7], [4, 3], [4, 7], [4, 4], [3, 7], [4, 3], [2, 7], [4, 2], [1, 7], [3, 2], [0, 7], [4, 2], [0, 6], [4, 1], [1, 6], [4, 2], [0, 6], [4, 1], [0, 5], [4, 2], [1, 5], [5, 2], [2, 5], [4, 2], [3, 5], [5, 2], [4, 5], [6, 2], [7, 2], [6, 1], [7, 1]], "a_eggs_laid": [1, 1, 1, 1, 4, 4, 4, 4, 5, 5, 5, 5, 6, 6, 6, 6, 7, 7, 7, 7, 7, 7, 8, 8, 8, 8, 9, 9, 9, 9, 9, 9, 9, 9, 10, 10, 10, 10, 11, 11, 11, 11, 12, 12, 12, 12, 13, 13, 13, 13, 14, 14, 14, 14, 15, 15, 15, 15, 15, 15, 15, 15, 15, 15, 15, 15, 15, 15, 15, 15, 15, 15, 15, 15, 15, 15, 15, 15, 19, 19], "b_eggs_laid": [0, 1, 1, 1, 1, 2, 2, 2, 2, 3, 3, 3, 3, 4, 4, 4, 4, 9, 9, 9, 9, 10, 10, 10, 10, 11, 11, 11, 11, 12, 12, 12, 12, 13, 13, 13, 13, 14, 14, 14, 14, 15, 15, 15, 15, 16, 16, 16, 16, 17, 17, 17, 17, 18, 18, 18, 18, 19, 19, 19, 19, 22, 22, 22, 22, 23, 23, 23, 23, 24, 24, 24, 24, 24, 24, 24, 24, 24, 24, 24], "a_turds_left": [5, 5, 5, 5, 5, 5, 5, 5, 5, 5, 5, 5, 5, 5, 5, 5, 5, 5, 5, 5, 5, 5, 5, 5, 5, 5, 5, 5, 5, 5, 5, 5, 5, 5, 5, 5, 5, 5, 5, 5, 5, 5, 5, 5, 5, 5, 5, 5, 5, 5, 5, 5, 5, 5, 5, 5, 5, 5, 5, 5, 5, 5, 5, 5, 5, 5, 5, 5, 5, 5, 5, 5, 5, 5, 5, 5, 5, 5, 5, 5], "b_turds_left": [5, 5, 5, 5, 5, 5, 5, 5, 5, 5, 5, 5, 5, 5, 5, 5, 5, 5, 5, 4, 4, 4, 4, 4, 4, 4, 4, 4, 4, 4, 4, 4, 4, 4, 4, 4, 4, 4, 4, 4, 4, 4, 4, 4, 4, 4, 4, 4, 4, 4, 4, 4, 4, 4, 4, 4, 4, 4, 4, 4, 4, 4, 4, 4, 4, 4, 4, 4, 4, 4, 4, 4, 4, 4, 4, 4, 4, 4, 4, 4], "a_time_left": [356.9593835999258, 356.9593835999258, 354.6609080999624, 354.6609080999624, 338.7570369000314, 338.7570369000314, 334.62960600003134, 334.62960600003134, 309.14453110005707, 309.14453110005707, 302.1785323000513, 302.1785323000513, 266.7615975000663, 266.7615975000663, 261.18698890006635, 261.18698890006635, 252.04003819997888, 252.04003819997888, 250.9471113999607, 250.9471113999607, 248.47990429995116, 248.47990429995116, 245.89717729995027, 245.89717729995027, 241.06378209998365, 241.06378209998365, 238.02666039997712, 238.02666039997712, 233.32036310003605, 233.32036310003605, 232.0575480000116, 232.0575480000116, 220.64267910004128, 220.64267910004128, 215.94859130005352, 215.94859130005352, 205.63716190005653, 205.63716190005653, 202.6104661000427, 202.6104661000427, 198.27203410014044, 198.27203410014044, 194.83089560014196, 194.83089560014196, 189.5745559001807, 189.5745559001807, 186.3802830001805, 186.3802830001805, 181.25447920022998, 181.25447920022998, 179.5266779002268, 179.5266779002268, 175.97430370026268, 175.97430370026268, 174.97877820022404, 174.97877820022404, 171.84507030027453, 171.84507030027453, 169.68804850033484, 169.68804850033484, 166.94099790032487, 166.94099790032487, 163.1648512003012, 163.1648512003012, 155.8776135003427, 155.8776135003427, 154.2276565002976, 154.2276565002976, 152.6607825002866, 152.6607825002866, 151.2779456002172, 151.2779456002172, 148.9272175001679, 148.9272175001679, 148.0819764001062, 148.0819764001062, 148.04329020006116, 148.04329020006116, 148.04137510003056, 148.04137510003056], "b_time_left": [360, 359.8459241000237, 359.8459241000237, 359.6165984000545, 359.6165984000545, 359.4576908000745, 359.4576908000745, 359.0940934000537, 359.0940934000537, 358.87603859999217, 358.87603859999217, 358.68094399990514, 358.68094399990514, 358.4896529999096, 358.4896529999096, 358.26420400000643, 358.26420400000643, 358.1753662999254, 358.1753662999254, 358.17422439996153, 358.17422439996153, 358.09235819999594, 358.09235819999594, 357.89952400000766, 357.89952400000766, 357.7407156000845, 357.7407156000845, 357.5683904001489, 357.5683904001489, 357.44813980022445, 357.44813980022445, 357.2931473002536, 357.2931473002536, 357.0550459002843, 357.0550459002843, 356.7507915003225, 356.7507915003225, 356.5283519004006, 356.5283519004006, 356.4088402003981, 356.4088402003981, 356.21495860035066, 356.21495860035066, 356.0995393003104, 356.0995393003104, 355.99336540023796, 355.99336540023796, 355.86613110022154, 355.86613110022154, 355.77476210019086, 355.77476210019086, 355.656380400178, 355.656380400178, 355.5844222001033, 355.5844222001033, 355.47608300007414, 355.47608300007414, 355.34088420006447, 355.34088420006447, 355.22403130005114, 355.22403130005114, 355.0842775000492, 355.0842775000492, 354.9301872000797, 354.9301872000797, 354.78200820006896, 354.78200820006896, 354.6699102000566, 354.6699102000566, 354.55752460006624, 354.55752460006624, 354.4541123000672, 354.4541123000672, 354.34906699997373, 354.34906699997373, 354.2808713999111, 354.2808713999111, 354.2749419999309, 354.2749419999309, 354.27318069990724], "a_moves_left": [39, 39, 38, 38, 37, 37, 36, 36, 35, 35, 34, 34, 33, 33, 32, 32, 31, 31, 30, 30, 29, 29, 28, 28, 27, 27, 26, 26, 25, 25, 24, 24, 23, 23, 22, 22, 21, 21, 20, 20, 19, 19, 18, 18, 17, 17, 16, 16, 15, 15, 14, 14, 13, 13, 12, 12, 11, 11, 10, 10, 9, 9, 8, 8, 7, 7, 6, 6, 5, 5, 4, 4, 3, 3, 2, 2, 1, 1, 0, 0], "b_moves_left": [40, 39, 39, 38, 38, 37, 37, 36, 36, 35, 35, 34, 34, 33, 33, 32, 32, 31, 31, 30, 30, 29, 29, 28, 28, 27, 27, 26, 26, 25, 25, 24, 24, 23, 23, 22, 22, 21, 21, 20, 20, 19, 19, 18, 18, 17, 17, 16, 16, 15, 15, 14, 14, 13, 13, 12, 12, 11, 11, 10, 10, 9, 9, 8, 8, 7, 7, 6, 6, 5, 5, 4, 4, 3, 3, 2, 2, 1, 1, 0], "trapdoor_triggered": [0, 0, 0, 0, 0, 0, 0, 0, 0, 0, 0, 0, 0, 0, 0, 0, 1, 0, 0, 0, 0, 0, 0, 0, 0, 0, 0, 0, 0, 0, 0, 0, 0, 0, 0, 0, 0, 0, 0, 0, 0, 0, 0, 0, 0, 0, 0, 0, 0, 0, 0, 0, 0, 0, 0, 0, 0, 0, 0, 0, 0, 0, 0, 0, 0, 0, 0, 0, 0, 0, 0, 0, 0, 0, 0, 0, 0, 1, 0, 0], "left_behind": ["egg", "egg", "plain", "plain", "egg", "egg", "plain", "plain", "egg", "egg", "plain", "plain", "egg", "egg", "plain", "plain", "egg", "egg", "plain", "turd", "plain", "egg", "egg", "plain", "plain", "egg", "egg", "plain", "plain", "egg", "plain", "plain", "plain", "egg", "egg", "plain", "plain", "egg", "egg", "plain", "plain", "egg", "egg", "plain", "plain", "egg", "egg", "plain", "plain", "egg", "egg", "plain", "plain", "egg", "egg", "plain", "plain", "egg", "plain", "plain", "plain", "egg", "plain", "plain", "plain", "egg", "plain", "plain", "plain", "egg", "plain", "plain", "plain", "plain", "plain", "plain", "plain", "plain", "plain", "plain"], "errlog_a": "", "errlog_b": "", "start_time": 360, "start_moves": 40, "turn_count": 80, "result": 1, "reason": "EGGS_LAID", "trapdoors": [[5, 5], [2, 3]], "spawn_a": [0, 2], "spawn_b": [7, 2]}