{"pos": [[1, 2], [6, 2], [1, 3], [6, 3], [1, 4], [6, 4], [2, 4], [5, 4], [2, 3], [5, 5], [3, 3], [6, 5], [3, 4], [6, 6], [4, 4], [5, 6], [0, 2], [4, 6], [1, 2], [4, 7], [2, 2], [3, 7], [3, 2], [3, 6], [4, 2], [2, 6], [5, 2], [2, 7], [0, 2], [1, 7], [0, 1], [0, 7], [0, 0], [0, 6], [1, 0], [1, 6], [1, 1], [1, 5], [2, 1], [2, 5], [3, 1], [1, 5], [4, 1], [0, 5], [5, 1], [0, 4], [5, 0], [1, 4], [4, 0], [1, 5], [3, 0], [0, 5], [2, 0], [1, 5], [3, 0], [1, 6], [4, 0], [2, 6], [5, 0], [2, 7], [6, 0], [3, 7], [6, 1], [2, 7], [6, 2], [3, 7], [5, 2], [2, 7], [6, 2], [3, 7], [5, 2], [2, 7], [5, 1], [3, 7], [5, 2], [2, 7], [6, 2], [1, 7], [6, 1], [0, 7]], "a_eggs_laid": [1, 1, 1, 1, 2, 2, 2, 2, 3, 3, 3, 3, 4, 4, 4, 4, 4, 4, 4, 4, 4, 4, 5, 5, 5, 5, 6, 6, 6, 6, 6, 6, 6, 6, 9, 9, 9, 9, 10, 10, 10, 10, 11, 11, 11, 11, 12, 12, 12, 12, 13, 13, 13, 13, 14, 14, 14, 14, 14, 14, 14, 14, 15, 15, 15, 15, 16, 16, 16, 16, 16, 16, 16, 16, 16, 16, 16, 16, 16, 16], "b_eggs_laid": [0, 1, 1, 1, 1, 2, 2, 2, 2, 3, 3, 3, 3, 4, 4, 4, 4, 9, 9, 9, 9, 10, 10, 10, 10, 11, 11, 11, 11, 16, 16, 16, 16, 19, 19, 19, 19, 20, 20, 20, 20, 21, 21, 21, 21, 22, 22, 22, 22, 23, 23, 23, 23, 23, 23, 23, 23, 23, 23, 23, 23, 23, 23, 23, 23, 23, 23, 23, 23, 23, 23, 23, 23, 23, 23, 23, 23, 23, 23, 23], "a_turds_left": [5, 5, 5, 5, 5, 5, 5, 5, 5, 5, 5, 5, 5, 5, 5, 5, 4, 4, 4, 4, 4, 4, 4, 4, 4, 4, 4, 4, 4, 4, 4, 4, 4, 4, 4, 4, 4, 4, 4, 4, 4, 4, 4, 4, 4, 4, 4, 4, 4, 4, 4, 4, 4, 4, 4, 4, 4, 4, 4, 4, 4, 4, 4, 4, 4, 4, 4, 4, 3, 3, 3, 3, 3, 3, 3, 3, 3, 3, 3, 3], "b_turds_left": [5, 5, 5, 5, 5, 5, 5, 5, 5, 5, 5, 5, 5, 5, 5, 5, 5, 5, 5, 5, 5, 5, 5, 5, 5, 5, 5, 5, 5, 5, 5, 5, 5, 5, 5, 5, 5, 5, 5, 5, 5, 5, 5, 5, 5, 5, 5, 5, 5, 5, 5, 5, 5, 5, 5, 5, 5, 5, 5, 5, 5, 5, 5, 5, 5, 5, 5, 5, 5, 5, 5, 5, 5, 5, 5, 5, 5, 5, 5, 5], "a_time_left": [359.56599550007377, 359.56599550007377, 358.94281620008405, 358.94281620008405, 358.20816120004747, 358.20816120004747, 357.1175570000196, 357.1175570000196, 355.9691482000053, 355.9691482000053, 355.1676942000631, 355.1676942000631, 354.0231112000765, 354.0231112000765, 353.4729481000686, 353.4729481000686, 353.4714990000939, 353.4714990000939, 353.31916990003083, 353.31916990003083, 352.9340139001142, 352.9340139001142, 352.4162558001699, 352.4162558001699, 351.8853386002593, 351.8853386002593, 351.5773178002564, 351.5773178002564, 351.0988610002678, 351.0988610002678, 351.02519710024353, 351.02519710024353, 350.800075600273, 350.800075600273, 350.6369616002776, 350.6369616002776, 350.16911130025983, 350.16911130025983, 349.90455220022704, 349.90455220022704, 349.519025800284, 349.519025800284, 349.1625671002548, 349.1625671002548, 348.72034550027456, 348.72034550027456, 348.4397730003111, 348.4397730003111, 348.17092680034693, 348.17092680034693, 348.0447773003252, 348.0447773003252, 347.94882860034704, 347.94882860034704, 347.85116950038355, 347.85116950038355, 347.7630014003953, 347.7630014003953, 347.71032770036254, 347.71032770036254, 347.6463228003122, 347.6463228003122, 347.54345390037633, 347.54345390037633, 347.4597475003684, 347.4597475003684, 347.32310570043046, 347.32310570043046, 347.2413812003797, 347.2413812003797, 347.19742270035204, 347.19742270035204, 347.13290380034596, 347.13290380034596, 347.0840049003018, 347.0840049003018, 347.0195036003133, 347.0195036003133, 347.0163744002348, 347.0163744002348], "b_time_left": [360, 359.7764240000397, 359.7764240000397, 359.498055400094, 359.498055400094, 359.2337181001203, 359.2337181001203, 358.7978724001441, 358.7978724001441, 358.47231000021566, 358.47231000021566, 358.203628500225, 358.203628500225, 358.0322519002948, 358.0322519002948, 357.8929632002255, 357.8929632002255, 357.7888510002522, 357.7888510002522, 357.6474839001894, 357.6474839001894, 357.4465762001928, 357.4465762001928, 357.18084160017315, 357.18084160017315, 357.0567327000899, 357.0567327000899, 356.82338450010866, 356.82338450010866, 356.7217404000694, 356.7217404000694, 356.6175969000906, 356.6175969000906, 356.53341340005863, 356.53341340005863, 356.4410976000363, 356.4410976000363, 356.23257860005833, 356.23257860005833, 355.8740231001284, 355.8740231001284, 355.7150626000948, 355.7150626000948, 355.5769799001282, 355.5769799001282, 355.4713692001533, 355.4713692001533, 355.36058840015903, 355.36058840015903, 355.23677480011247, 355.23677480011247, 355.1724963001907, 355.1724963001907, 355.07092430023476, 355.07092430023476, 355.02450520033017, 355.02450520033017, 354.97960430034436, 354.97960430034436, 354.904869000311, 354.904869000311, 354.83037070033606, 354.83037070033606, 354.77054700034205, 354.77054700034205, 354.6771100003971, 354.6771100003971, 354.56604220042937, 354.56604220042937, 354.5158459005179, 354.5158459005179, 354.4450824004598, 354.4450824004598, 354.36819420044776, 354.36819420044776, 354.3054951004451, 354.3054951004451, 354.2990091004176, 354.2990091004176, 354.29641660046764], "a_moves_left": [39, 39, 38, 38, 37, 37, 36, 36, 35, 35, 34, 34, 33, 33, 32, 32, 31, 31, 30, 30, 29, 29, 28, 28, 27, 27, 26, 26, 25, 25, 24, 24, 23, 23, 22, 22, 21, 21, 20, 20, 19, 19, 18, 18, 17, 17, 16, 16, 15, 15, 14, 14, 13, 13, 12, 12, 11, 11, 10, 10, 9, 9, 8, 8, 7, 7, 6, 6, 5, 5, 4, 4, 3, 3, 2, 2, 1, 1, 0, 0], "b_moves_left": [40, 39, 39, 38, 38, 37, 37, 36, 36, 35, 35, 34, 34, 33, 33, 32, 32, 31, 31, 30, 30, 29, 29, 28, 28, 27, 27, 26, 26, 25, 25, 24, 24, 23, 23, 22, 22, 21, 21, 20, 20, 19, 19, 18, 18, 17, 17, 16, 16, 15, 15, 14, 14, 13, 13, 12, 12, 11, 11, 10, 10, 9, 9, 8, 8, 7, 7, 6, 6, 5, 5, 4, 4, 3, 3, 2, 2, 1, 1, 0], "trapdoor_triggered": [0, 0, 0, 0, 0, 0, 0, 0, 0, 0, 0, 0, 0, 0, 0, 0, 1, 0, 0, 0, 0, 0, 0, 0, 0, 0, 0, 0, 1, 0, 0, 0, 0, 0, 0, 0, 0, 0, 0, 0, 0, 0, 0, 0, 0, 0, 0, 0, 0, 0, 0, 0, 0, 0, 0, 0, 0, 0, 0, 0, 0, 0, 0, 0, 0, 0, 0, 0, 0, 0, 0, 0, 0, 0, 0, 0, 0, 0, 0, 0], "left_behind": ["egg", "egg", "plain", "plain", "egg", "egg", "plain", "plain", "egg", "egg", "plain", "plain", "egg", "egg", "plain", "plain", "turd", "egg", "plain", "plain", "plain", "egg", "egg", "plain", "plain", "egg", "egg", "plain", "plain", "egg", "plain", "plain", "plain", "egg", "egg", "plain", "plain", "egg", "egg", "plain", "plain", "egg", "egg", "plain", "plain", "egg", "egg", "plain", "plain", "egg", "egg", "plain", "plain", "plain", "egg", "plain", "plain", "plain", "plain", "plain", "plain", "plain", "egg", "plain", "plain", "plain", "egg", "plain", "turd", "plain", "plain", "plain", "plain", "plain", "plain", "plain", "plain", "plain", "plain", "plain"], "errlog_a": "", "errlog_b": "", "start_time": 360, "start_moves": 40, "turn_count": 80, "result": 1, "reason": "EGGS_LAID", "trapdoors": [[5, 3], [4, 5]], "spawn_a": [0, 2], "spawn_b": [7, 2]}