{"pos": [[7, 0], [0, 0], [6, 0], [0, 1], [7, 0], [1, 1], [7, 1], [0, 1], [7, 2], [1, 1], [7, 3], [1, 2], [7, 4], [1, 1], [7, 5], [1, 2], [7, 6], [1, 3], [7, 7], [1, 4], [6, 7], [0, 4], [6, 6], [0, 5], [5, 6], [1, 5], [5, 7], [1, 6], [4, 7], [0, 6], [3, 7], [0, 5], [2, 7], [0, 6], [3, 7], [0, 5], [3, 6], [0, 6], [4, 6], [1, 6], [4, 5], [1, 5], [3, 5], [2, 5], [3, 4], [2, 4], [3, 3], [2, 5], [3, 2], [2, 4], [3, 1], [1, 4], [3, 0], [1, 5], [2, 0], [0, 5], [3, 0], [0, 6], [4, 0], [0, 5], [5, 0], [0, 6], [5, 1], [0, 5], [4, 1], [0, 4], [4, 2], [0, 5], [5, 2], [0, 4], [6, 2], [1, 4], [6, 1], [1, 3], [6, 0], [1, 2], [7, 0], [1, 3], [7, 1], [1, 2]], "a_eggs_laid": [1, 1, 1, 1, 2, 2, 2, 2, 2, 2, 2, 2, 2, 2, 2, 2, 3, 3, 3, 3, 6, 6, 6, 6, 7, 7, 7, 7, 8, 8, 8, 8, 9, 9, 9, 9, 9, 9, 9, 9, 10, 10, 10, 10, 11, 11, 11, 11, 12, 12, 12, 12, 13, 13, 13, 13, 14, 14, 14, 14, 15, 15, 15, 15, 16, 16, 16, 16, 16, 16, 16, 16, 16, 16, 16, 16, 16, 16, 16, 16], "b_eggs_laid": [0, 0, 0, 0, 0, 1, 1, 1, 1, 1, 1, 1, 1, 2, 2, 2, 2, 2, 2, 2, 2, 3, 3, 3, 3, 3, 3, 3, 3, 3, 3, 3, 3, 3, 3, 3, 3, 3, 3, 3, 3, 3, 3, 3, 3, 4, 4, 4, 4, 4, 4, 4, 4, 4, 4, 4, 4, 4, 4, 4, 4, 4, 4, 4, 4, 4, 4, 4, 4, 4, 4, 4, 4, 4, 4, 4, 4, 4, 4, 4], "a_turds_left": [5, 5, 5, 5, 5, 5, 5, 5, 5, 5, 5, 5, 5, 5, 5, 5, 5, 5, 5, 5, 5, 5, 5, 5, 5, 5, 5, 5, 5, 5, 4, 4, 4, 4, 3, 3, 3, 3, 2, 2, 2, 2, 1, 1, 1, 1, 1, 1, 1, 1, 0, 0, 0, 0, 0, 0, 0, 0, 0, 0, 0, 0, 0, 0, 0, 0, 0, 0, 0, 0, 0, 0, 0, 0, 0, 0, 0, 0, 0, 0], "b_turds_left": [5, 5, 5, 5, 5, 5, 5, 4, 4, 4, 4, 4, 4, 4, 4, 4, 4, 4, 4, 3, 3, 3, 3, 2, 2, 1, 1, 1, 1, 0, 0, 0, 0, 0, 0, 0, 0, 0, 0, 0, 0, 0, 0, 0, 0, 0, 0, 0, 0, 0, 0, 0, 0, 0, 0, 0, 0, 0, 0, 0, 0, 0, 0, 0, 0, 0, 0, 0, 0, 0, 0, 0, 0, 0, 0, 0, 0, 0, 0, 0], "a_time_left": [359.99781729996903, 359.99781729996903, 359.9964968999848, 359.9964968999848, 359.99544369993964, 359.99544369993964, 359.9941786999698, 359.9941786999698, 359.99317469995003, 359.99317469995003, 359.99143859994365, 359.99143859994365, 359.988675599976, 359.988675599976, 359.98685859999387, 359.98685859999387, 359.9862775999936, 359.9862775999936, 359.9851054000319, 359.9851054000319, 359.98427300003823, 359.98427300003823, 359.9824498000671, 359.9824498000671, 359.98145230009686, 359.98145230009686, 359.979016300058, 359.979016300058, 359.9778940000688, 359.9778940000688, 359.9762839000905, 359.9762839000905, 359.9753235001117, 359.9753235001117, 359.9745603001211, 359.9745603001211, 359.9735745001235, 359.9735745001235, 359.9722618001397, 359.9722618001397, 359.97095370013267, 359.97095370013267, 359.9689878001809, 359.9689878001809, 359.967905100144, 359.967905100144, 359.966968000168, 359.966968000168, 359.9660733002238, 359.9660733002238, 359.9641212002607, 359.9641212002607, 359.9632019002456, 359.9632019002456, 359.9623217002372, 359.9623217002372, 359.9617564002401, 359.9617564002401, 359.96116360026645, 359.96116360026645, 359.96023220027564, 359.96023220027564, 359.95964490022743, 359.95964490022743, 359.9589356002398, 359.9589356002398, 359.9582764002844, 359.9582764002844, 359.9564746002434, 359.9564746002434, 359.95571970025776, 359.95571970025776, 359.95456400024705, 359.95456400024705, 359.95389540027827, 359.95389540027827, 359.9530832002638, 359.9530832002638, 359.95260910026263, 359.95260910026263], "b_time_left": [360, 358.45395509997616, 358.45395509997616, 356.9533216999844, 356.9533216999844, 355.4524238999584, 355.4524238999584, 353.9517876000027, 353.9517876000027, 352.450324000034, 352.450324000034, 350.948992700025, 350.948992700025, 349.4482684999821, 349.4482684999821, 347.94767009996576, 347.94767009996576, 346.4467435000115, 346.4467435000115, 344.94585469999583, 344.94585469999583, 343.4449016000144, 343.4449016000144, 341.9438340999768, 341.9438340999768, 340.4431689999765, 340.4431689999765, 338.942269399995, 338.942269399995, 337.44120850000763, 337.44120850000763, 335.94029330002377, 335.94029330002377, 334.4392673000111, 334.4392673000111, 332.9386155999964, 332.9386155999964, 331.43802040000446, 331.43802040000446, 329.9370526000275, 329.9370526000275, 328.4362922, 328.4362922, 326.9353652000427, 326.9353652000427, 325.43466810008977, 325.43466810008977, 323.9339254000806, 323.9339254000806, 322.43295980006224, 322.43295980006224, 320.93225710006664, 320.93225710006664, 319.4312287000357, 319.4312287000357, 317.93018490006216, 317.93018490006216, 316.42930480011273, 316.42930480011273, 314.92859400011366, 314.92859400011366, 313.42788620013744, 313.42788620013744, 311.9271233000909, 311.9271233000909, 310.42640260007465, 310.42640260007465, 308.9254762000637, 308.9254762000637, 307.4245582000585, 307.4245582000585, 305.9233193000546, 305.9233193000546, 304.4225881000748, 304.4225881000748, 302.92188760003773, 302.92188760003773, 301.41973680001684, 301.41973680001684, 299.918676100031], "a_moves_left": [39, 39, 38, 38, 37, 37, 36, 36, 35, 35, 34, 34, 33, 33, 32, 32, 31, 31, 30, 30, 29, 29, 28, 28, 27, 27, 26, 26, 25, 25, 24, 24, 23, 23, 22, 22, 21, 21, 20, 20, 19, 19, 18, 18, 17, 17, 16, 16, 15, 15, 14, 14, 13, 13, 12, 12, 11, 11, 10, 10, 9, 9, 8, 8, 7, 7, 6, 6, 5, 5, 4, 4, 3, 3, 2, 2, 1, 1, 0, 0], "b_moves_left": [40, 39, 39, 38, 38, 37, 37, 36, 36, 35, 35, 34, 34, 33, 33, 32, 32, 31, 31, 30, 30, 29, 29, 28, 28, 27, 27, 26, 26, 25, 25, 24, 24, 23, 23, 22, 22, 21, 21, 20, 20, 19, 19, 18, 18, 17, 17, 16, 16, 15, 15, 14, 14, 13, 13, 12, 12, 11, 11, 10, 10, 9, 9, 8, 8, 7, 7, 6, 6, 5, 5, 4, 4, 3, 3, 2, 2, 1, 1, 0], "trapdoor_triggered": [0, 0, 0, 0, 0, 0, 0, 0, 0, 0, 0, 0, 0, 0, 0, 0, 0, 0, 0, 0, 0, 0, 0, 0, 0, 0, 0, 0, 0, 0, 0, 0, 0, 0, 0, 0, 0, 0, 0, 0, 0, 0, 0, 0, 0, 0, 0, 0, 0, 0, 0, 0, 0, 0, 0, 0, 0, 0, 0, 0, 0, 0, 0, 0, 0, 0, 0, 0, 0, 0, 0, 0, 0, 0, 0, 0, 0, 0, 0, 0], "left_behind": ["egg", "plain", "plain", "plain", "egg", "egg", "plain", "turd", "plain", "plain", "plain", "plain", "plain", "egg", "plain", "plain", "egg", "plain", "plain", "turd", "egg", "egg", "plain", "turd", "egg", "turd", "plain", "plain", "egg", "turd", "turd", "plain", "egg", "plain", "turd", "plain", "plain", "plain", "turd", "plain", "egg", "plain", "turd", "plain", "egg", "egg", "plain", "plain", "egg", "plain", "turd", "plain", "egg", "plain", "plain", "plain", "egg", "plain", "plain", "plain", "egg", "plain", "plain", "plain", "egg", "plain", "plain", "plain", "plain", "plain", "plain", "plain", "plain", "plain", "plain", "plain", "plain", "plain", "plain", "plain"], "errlog_a": "", "errlog_b": "", "start_time": 360, "start_moves": 40, "turn_count": 80, "result": 0, "reason": "EGGS_LAID", "trapdoors": [[5, 3], [4, 3]], "spawn_a": [7, 1], "spawn_b": [0, 1]}