{"pos": [[3, 6], [3, 1], [4, 6], [4, 1], [4, 5], [4, 2], [5, 5], [4, 3], [5, 4], [4, 4], [6, 4], [3, 4], [6, 3], [3, 1], [5, 3], [3, 2], [5, 2], [3, 3], [4, 2], [2, 3], [5, 2], [2, 4], [6, 2], [1, 4], [6, 1], [2, 4], [7, 1], [3, 4], [6, 1], [3, 1], [5, 1], [2, 1], [5, 0], [2, 2], [6, 0], [2, 0], [6, 1], [1, 0], [6, 2], [1, 1], [7, 2], [1, 2], [7, 3], [1, 3], [7, 4], [0, 3], [7, 5], [0, 4], [7, 6], [0, 5], [7, 7], [1, 5], [7, 6], [2, 5], [6, 6], [3, 5], [6, 7], [3, 4], [5, 7], [3, 1], [5, 6], [3, 2], [4, 6], [3, 3], [3, 6], [3, 4], [3, 5], [3, 1], [3, 4], [3, 2], [2, 7], [3, 3], [2, 6], [3, 4], [2, 7], [3, 1], [1, 7], [3, 2], [1, 6], [3, 3]], "a_eggs_laid": [1, 1, 1, 1, 2, 2, 2, 2, 2, 2, 2, 2, 7, 7, 7, 7, 8, 8, 8, 8, 9, 9, 9, 9, 10, 10, 10, 10, 15, 15, 15, 15, 16, 16, 20, 20, 21, 21, 21, 21, 21, 21, 21, 21, 22, 22, 22, 22, 23, 23, 23, 23, 26, 26, 26, 26, 27, 27, 31, 31, 32, 32, 32, 32, 32, 32, 36, 36, 37, 37, 37, 37, 37, 37, 42, 42, 42, 42, 43, 43], "b_eggs_laid": [0, 1, 1, 1, 1, 2, 2, 2, 2, 3, 3, 3, 3, 3, 3, 3, 3, 4, 4, 4, 4, 5, 5, 5, 5, 6, 6, 6, 6, 6, 6, 6, 6, 7, 7, 7, 7, 7, 7, 8, 8, 8, 8, 9, 9, 9, 9, 10, 10, 10, 10, 11, 11, 11, 11, 12, 12, 12, 12, 12, 12, 12, 12, 12, 12, 12, 12, 12, 12, 16, 16, 16, 16, 16, 16, 16, 16, 16, 16, 16], "a_turds_left": [5, 5, 5, 5, 5, 5, 5, 5, 4, 4, 4, 4, 4, 4, 4, 4, 4, 4, 3, 3, 3, 3, 3, 3, 3, 3, 3, 3, 3, 3, 3, 3, 3, 3, 3, 3, 3, 3, 3, 3, 3, 3, 3, 3, 3, 3, 3, 3, 3, 3, 3, 3, 3, 3, 3, 3, 3, 3, 3, 3, 3, 3, 3, 3, 3, 3, 3, 3, 3, 3, 3, 3, 3, 3, 3, 3, 3, 3, 3, 3], "b_turds_left": [5, 5, 5, 5, 5, 5, 5, 5, 5, 5, 5, 5, 5, 5, 5, 5, 5, 5, 5, 5, 5, 5, 5, 5, 5, 5, 5, 5, 5, 5, 5, 5, 5, 5, 5, 5, 5, 5, 5, 5, 5, 5, 5, 5, 5, 5, 5, 5, 5, 5, 5, 5, 5, 5, 5, 5, 5, 5, 5, 5, 5, 5, 5, 5, 5, 5, 5, 5, 5, 5, 5, 5, 5, 5, 5, 5, 5, 5, 5, 5], "a_time_left": [359.90840950002894, 359.90840950002894, 359.76873400004115, 359.76873400004115, 359.6350424999837, 359.6350424999837, 359.49172629998066, 359.49172629998066, 359.4903241000138, 359.4903241000138, 359.45544640009757, 359.45544640009757, 359.3723413000116, 359.3723413000116, 359.2290687999921, 359.2290687999921, 359.0813219998963, 359.0813219998963, 359.08041609986685, 359.08041609986685, 359.04249429982156, 359.04249429982156, 358.91177959984634, 358.91177959984634, 358.8049733998487, 358.8049733998487, 358.7204774998827, 358.7204774998827, 358.65667359984946, 358.65667359984946, 358.5689802997513, 358.5689802997513, 358.4571591997519, 358.4571591997519, 358.4239234997658, 358.4239234997658, 358.3543116997462, 358.3543116997462, 358.27933449984994, 358.27933449984994, 358.1942806998268, 358.1942806998268, 358.02425119979307, 358.02425119979307, 357.89045169972815, 357.89045169972815, 357.7823070997838, 357.7823070997838, 357.7080544998171, 357.7080544998171, 357.60199749981984, 357.60199749981984, 357.5391731997952, 357.5391731997952, 357.4265438998118, 357.4265438998118, 357.30324859987013, 357.30324859987013, 357.2486667998601, 357.2486667998601, 357.1894442997873, 357.1894442997873, 357.1479690998094, 357.1479690998094, 357.0992905998137, 357.0992905998137, 357.0394660998136, 357.0394660998136, 356.9748245999217, 356.9748245999217, 356.93843719991855, 356.93843719991855, 356.83815699990373, 356.83815699990373, 356.7848713998683, 356.7848713998683, 356.7363813999109, 356.7363813999109, 356.7318342998624, 356.7318342998624], "b_time_left": [360, 359.9068832999328, 359.9068832999328, 359.7563850999577, 359.7563850999577, 359.65732819994446, 359.65732819994446, 359.46991099999286, 359.46991099999286, 359.3912761999527, 359.3912761999527, 359.3094036000548, 359.3094036000548, 359.26244340010453, 359.26244340010453, 359.1706658001058, 359.1706658001058, 359.0902383001521, 359.0902383001521, 359.02343560021836, 359.02343560021836, 358.94619290030096, 358.94619290030096, 358.84785500040743, 358.84785500040743, 358.72862250043545, 358.72862250043545, 358.61527160042897, 358.61527160042897, 358.53417080047075, 358.53417080047075, 358.4330961005762, 358.4330961005762, 358.34541130054276, 358.34541130054276, 358.2741631005192, 358.2741631005192, 358.24344600050244, 358.24344600050244, 358.1995147005655, 358.1995147005655, 358.12193540052976, 358.12193540052976, 358.0253561005229, 358.0253561005229, 357.9673478004988, 357.9673478004988, 357.90582990041, 357.90582990041, 357.85136360046454, 357.85136360046454, 357.7682802005438, 357.7682802005438, 357.69306730059907, 357.69306730059907, 357.5258702005958, 357.5258702005958, 357.45852000056766, 357.45852000056766, 357.3672384006204, 357.3672384006204, 357.3408980006352, 357.3408980006352, 357.3101947007235, 357.3101947007235, 357.26080480066594, 357.26080480066594, 357.22613520070445, 357.22613520070445, 357.2054942006944, 357.2054942006944, 357.166717800661, 357.166717800661, 357.1044379007071, 357.1044379007071, 357.0731815007748, 357.0731815007748, 357.0659426008351, 357.0659426008351, 357.0646412008209], "a_moves_left": [39, 39, 38, 38, 37, 37, 36, 36, 35, 35, 34, 34, 33, 33, 32, 32, 31, 31, 30, 30, 29, 29, 28, 28, 27, 27, 26, 26, 25, 25, 24, 24, 23, 23, 22, 22, 21, 21, 20, 20, 19, 19, 18, 18, 17, 17, 16, 16, 15, 15, 14, 14, 13, 13, 12, 12, 11, 11, 10, 10, 9, 9, 8, 8, 7, 7, 6, 6, 5, 5, 4, 4, 3, 3, 2, 2, 1, 1, 0, 0], "b_moves_left": [40, 39, 39, 38, 38, 37, 37, 36, 36, 35, 35, 34, 34, 33, 33, 32, 32, 31, 31, 30, 30, 29, 29, 28, 28, 27, 27, 26, 26, 25, 25, 24, 24, 23, 23, 22, 22, 21, 21, 20, 20, 19, 19, 18, 18, 17, 17, 16, 16, 15, 15, 14, 14, 13, 13, 12, 12, 11, 11, 10, 10, 9, 9, 8, 8, 7, 7, 6, 6, 5, 5, 4, 4, 3, 3, 2, 2, 1, 1, 0], "trapdoor_triggered": [0, 0, 0, 0, 0, 0, 0, 0, 0, 0, 0, 1, 0, 0, 0, 0, 0, 0, 0, 0, 0, 0, 0, 0, 0, 0, 0, 1, 0, 0, 0, 0, 0, 1, 0, 0, 0, 0, 0, 0, 0, 0, 0, 0, 0, 0, 0, 0, 0, 0, 0, 0, 0, 0, 0, 0, 0, 1, 0, 0, 0, 0, 0, 0, 0, 1, 0, 0, 1, 0, 0, 0, 0, 1, 0, 0, 0, 0, 0, 0], "left_behind": ["egg", "egg", "plain", "plain", "egg", "egg", "plain", "plain", "turd", "egg", "plain", "plain", "egg", "plain", "plain", "plain", "egg", "egg", "turd", "plain", "egg", "egg", "plain", "plain", "egg", "egg", "plain", "plain", "egg", "plain", "plain", "plain", "egg", "egg", "plain", "plain", "egg", "plain", "plain", "egg", "plain", "plain", "plain", "egg", "egg", "plain", "plain", "egg", "egg", "plain", "plain", "egg", "egg", "plain", "plain", "egg", "egg", "plain", "plain", "plain", "egg", "plain", "plain", "plain", "plain", "plain", "plain", "plain", "egg", "plain", "plain", "plain", "plain", "plain", "egg", "plain", "plain", "plain", "egg", "plain"], "errlog_a": "", "errlog_b": "", "start_time": 360, "start_moves": 40, "turn_count": 80, "result": 0, "reason": "EGGS_LAID", "trapdoors": [[2, 2], [3, 4]], "spawn_a": [3, 7], "spawn_b": [3, 0]}